Time,Discharge(m^3 s^-1),Observed(m^3 s^-1),Precip(mm h^-1),PET(mm h^-1),SM(%),Fast Flow(mm*1000),Slow Flow(mm*1000)
2011-03-30 00:00,234.35,259.95,0.00,5.87,67.32,0.0000,0.0000
2011-03-31 00:00,208.35,232.76,0.00,5.86,66.31,0.0000,0.0000
2011-04-01 00:00,199.52,267.03,0.21,3.31,66.98,0.0002,0.0273
2011-04-02 00:00,199.02,262.50,0.02,4.17,66.48,0.0000,0.0002
2011-04-03 00:00,223.34,319.98,0.28,1.05,67.65,0.0003,0.0463
2011-04-04 00:00,269.32,404.93,0.26,3.72,68.47,0.0002,0.0360
2011-04-05 00:00,305.23,498.38,0.01,5.73,67.52,0.0000,0.0000
2011-04-06 00:00,316.34,566.34,0.01,4.01,66.90,0.0000,0.0001
2011-04-07 00:00,304.26,625.80,0.00,8.30,65.48,0.0000,0.0000
2011-04-08 00:00,278.58,671.11,0.00,10.33,63.72,0.0000,0.0000
2011-04-09 00:00,248.69,702.26,0.00,9.80,62.11,0.0000,0.0000
2011-04-10 00:00,248.71,730.57,0.36,6.04,63.43,0.0003,0.0400
2011-04-11 00:00,252.00,739.07,0.02,5.36,62.75,0.0000,0.0000
2011-04-12 00:00,247.10,722.08,0.00,11.29,60.93,0.0000,0.0000
2011-04-13 00:00,233.09,693.76,0.04,10.11,59.68,0.0000,0.0000
2011-04-14 00:00,213.40,637.13,0.00,8.80,58.32,0.0000,0.0000
2011-04-15 00:00,192.40,569.17,0.06,10.01,57.26,0.0000,0.0002
2011-04-16 00:00,173.37,492.71,0.14,6.55,57.26,0.0001,0.0077
2011-04-17 00:00,158.41,430.42,0.01,8.48,56.08,0.0000,0.0000
2011-04-18 00:00,146.78,376.61,0.00,9.95,54.65,0.0000,0.0000
2011-04-19 00:00,136.29,319.98,0.00,7.32,53.62,0.0000,0.0000
2011-04-20 00:00,129.99,288.83,0.21,9.16,53.81,0.0001,0.0066
2011-04-21 00:00,123.35,267.31,0.00,8.58,52.63,0.0000,0.0000
2011-04-22 00:00,119.30,253.15,0.13,4.83,52.89,0.0001,0.0071
2011-04-23 00:00,123.82,245.22,0.23,5.19,53.70,0.0002,0.0195
2011-04-24 00:00,130.39,242.11,0.00,12.11,52.04,0.0000,0.0000
2011-04-25 00:00,132.91,233.33,0.00,14.69,50.05,0.0000,0.0000
2011-04-26 00:00,155.54,213.79,0.41,4.07,52.27,0.0004,0.0471
2011-04-27 00:00,176.88,212.09,0.07,4.33,52.14,0.0000,0.0028
2011-04-28 00:00,190.59,214.92,0.16,7.52,52.17,0.0001,0.0083
2011-04-29 00:00,194.49,238.43,0.00,12.17,50.53,0.0000,0.0000
2011-04-30 00:00,254.88,248.06,0.84,4.93,55.45,0.0009,0.1052
2011-05-01 00:00,317.72,291.66,0.00,6.07,54.59,0.0000,0.0000
2011-05-02 00:00,352.39,356.79,0.00,8.34,53.41,0.0000,0.0000
2011-05-03 00:00,351.71,393.60,0.00,15.09,51.32,0.0000,0.0000
2011-05-04 00:00,326.95,368.12,0.00,15.99,49.20,0.0000,0.0000
2011-05-05 00:00,331.76,342.63,0.60,7.69,52.27,0.0005,0.0621
2011-05-06 00:00,342.17,331.31,0.00,14.90,50.25,0.0000,0.0000
2011-05-07 00:00,342.64,339.80,0.00,17.51,47.98,0.0000,0.0000
2011-05-08 00:00,328.00,328.48,0.07,9.25,47.30,0.0000,0.0012
2011-05-09 00:00,330.45,305.82,0.38,5.78,49.22,0.0003,0.0333
2011-05-10 00:00,324.72,291.66,0.00,7.10,48.32,0.0000,0.0000
2011-05-11 00:00,316.75,279.49,0.24,10.76,48.59,0.0001,0.0140
2011-05-12 00:00,316.85,273.82,0.18,11.90,48.31,0.0001,0.0084
2011-05-13 00:00,306.17,281.19,0.13,8.61,48.07,0.0000,0.0056
2011-05-14 00:00,284.62,276.09,0.07,5.68,47.80,0.0000,0.0015
2011-05-15 00:00,258.96,259.67,0.00,17.60,45.61,0.0000,0.0000
2011-05-16 00:00,233.41,242.11,0.00,18.10,43.47,0.0000,0.0000
2011-05-17 00:00,209.60,224.27,0.00,19.07,41.33,0.0000,0.0000
2011-05-18 00:00,188.01,201.62,0.00,19.88,39.20,0.0000,0.0000
2011-05-19 00:00,168.67,190.29,0.00,10.73,38.11,0.0000,0.0000
2011-05-20 00:00,151.43,177.83,0.01,15.98,36.61,0.0000,0.0000
2011-05-21 00:00,202.70,168.49,0.89,5.53,42.89,0.0009,0.0868
2011-05-22 00:00,339.79,226.53,0.87,11.80,47.48,0.0007,0.0818
2011-05-23 00:00,427.04,305.82,0.14,11.08,47.00,0.0000,0.0035
2011-05-24 00:00,446.70,387.94,0.00,11.26,45.64,0.0000,0.0000
2011-05-25 00:00,422.46,430.42,0.00,15.95,43.78,0.0000,0.0000
2011-05-26 00:00,380.07,427.58,0.00,16.47,41.92,0.0000,0.0000
2011-05-27 00:00,335.53,387.94,0.04,15.56,40.50,0.0000,0.0000
2011-05-28 00:00,302.47,353.96,0.45,17.45,41.45,0.0001,0.0131
2011-05-29 00:00,278.39,328.48,0.02,9.81,40.48,0.0000,0.0000
2011-05-30 00:00,307.14,302.99,0.93,8.54,46.52,0.0009,0.0877
2011-05-31 00:00,347.15,325.64,0.07,20.24,44.48,0.0000,0.0004
2011-06-01 00:00,367.62,334.14,0.00,21.90,41.98,0.0000,0.0000
2011-06-02 00:00,361.89,314.32,0.00,18.38,39.96,0.0000,0.0000
2011-06-03 00:00,338.09,286.00,0.10,12.11,39.27,0.0000,0.0008
2011-06-04 00:00,306.42,257.12,0.00,22.23,37.01,0.0000,0.0000
2011-06-05 00:00,273.84,239.56,0.00,21.71,34.94,0.0000,0.0000
2011-06-06 00:00,243.80,220.02,0.00,22.89,32.86,0.0000,0.0000
2011-06-07 00:00,218.62,192.55,0.12,24.56,31.45,0.0000,0.0024
2011-06-08 00:00,197.71,188.59,0.00,22.61,29.62,0.0000,0.0000
2011-06-09 00:00,179.18,159.42,0.00,18.62,28.18,0.0000,0.0000
2011-06-10 00:00,162.03,146.11,0.06,18.60,27.07,0.0000,0.0001
2011-06-11 00:00,146.11,133.66,0.01,19.41,25.75,0.0000,0.0000
2011-06-12 00:00,131.53,129.97,0.00,21.23,24.33,0.0000,0.0000
2011-06-13 00:00,118.34,118.36,0.00,20.73,23.03,0.0000,0.0000
2011-06-14 00:00,106.50,116.67,0.00,22.36,21.72,0.0000,0.0000
2011-06-15 00:00,121.45,115.25,0.80,5.65,28.68,0.0008,0.0466
2011-06-16 00:00,144.03,116.67,0.01,14.86,27.59,0.0000,0.0000
2011-06-17 00:00,157.95,118.93,0.01,18.41,26.31,0.0000,0.0000
2011-06-18 00:00,197.32,130.82,0.98,10.70,33.51,0.0009,0.0646
2011-06-19 00:00,244.41,152.63,0.31,15.84,34.21,0.0002,0.0166
2011-06-20 00:00,277.55,235.88,0.00,18.33,32.60,0.0000,0.0000
2011-06-21 00:00,324.65,294.50,0.65,5.57,37.42,0.0006,0.0505
2011-06-22 00:00,354.53,302.99,0.29,7.05,38.84,0.0002,0.0175
2011-06-23 00:00,366.57,269.01,0.13,6.53,39.04,0.0001,0.0058
2011-06-24 00:00,357.46,277.79,0.00,19.95,37.02,0.0000,0.0000
2011-06-25 00:00,332.11,297.33,0.00,14.17,35.69,0.0000,0.0000
2011-06-26 00:00,299.22,286.00,0.00,15.55,34.23,0.0000,0.0000
2011-06-27 00:00,265.76,248.06,0.01,13.86,33.05,0.0000,0.0000
2011-06-28 00:00,235.39,216.62,0.00,21.39,31.21,0.0000,0.0000
2011-06-29 00:00,209.12,192.84,0.00,20.16,29.59,0.0000,0.0000
2011-06-30 00:00,186.62,169.05,0.00,15.48,28.40,0.0000,0.0000
2011-07-01 00:00,171.60,154.61,0.30,25.61,28.27,0.0001,0.0089
2011-07-02 00:00,174.50,150.36,0.63,22.58,30.19,0.0003,0.0199
2011-07-03 00:00,181.61,181.79,0.00,25.77,28.17,0.0000,0.0000
2011-07-04 00:00,180.59,184.91,0.00,23.81,26.43,0.0000,0.0000
2011-07-05 00:00,174.59,180.66,0.27,16.24,26.74,0.0001,0.0058
2011-07-06 00:00,162.92,168.20,0.00,24.71,25.03,0.0000,0.0000
2011-07-07 00:00,148.01,150.93,0.03,22.41,23.68,0.0000,0.0000
2011-07-08 00:00,132.71,139.04,0.00,25.19,22.14,0.0000,0.0000
2011-07-09 00:00,118.73,128.28,0.10,18.04,21.47,0.0000,0.0004
2011-07-10 00:00,106.51,118.93,0.01,24.55,20.12,0.0000,0.0000
2011-07-11 00:00,99.92,116.95,0.51,24.06,21.18,0.0001,0.0075
2011-07-12 00:00,95.34,109.59,0.00,21.97,19.97,0.0000,0.0000
2011-07-13 00:00,90.43,114.97,0.00,19.72,18.97,0.0000,0.0000
2011-07-14 00:00,84.99,109.02,0.10,7.90,19.06,0.0000,0.0013
2011-07-15 00:00,95.15,105.62,0.49,12.82,21.76,0.0003,0.0163
2011-07-16 00:00,101.29,107.60,0.03,24.40,20.52,0.0000,0.0004
2011-07-17 00:00,99.10,100.52,0.06,9.36,20.41,0.0000,0.0010
2011-07-18 00:00,91.74,101.66,0.05,25.46,19.25,0.0000,0.0004
2011-07-19 00:00,86.56,92.60,0.43,8.87,22.17,0.0003,0.0151
2011-07-20 00:00,86.19,98.83,0.17,24.60,21.41,0.0000,0.0013
2011-07-21 00:00,88.01,102.51,0.00,23.97,20.09,0.0000,0.0000
2011-07-22 00:00,88.19,109.02,0.01,23.93,18.87,0.0000,0.0000
2011-07-23 00:00,94.70,118.08,0.62,16.46,22.09,0.0003,0.0166
2011-07-24 00:00,100.33,112.42,0.01,23.04,20.80,0.0000,0.0000
2011-07-25 00:00,101.13,111.00,0.00,20.13,19.72,0.0000,0.0000
2011-07-26 00:00,96.83,104.77,0.00,21.54,18.62,0.0000,0.0000
2011-07-27 00:00,110.18,103.92,0.78,9.21,25.04,0.0007,0.0354
2011-07-28 00:00,125.91,115.82,0.00,18.09,23.85,0.0000,0.0000
2011-07-29 00:00,133.82,126.58,0.01,23.54,22.46,0.0000,0.0000
2011-07-30 00:00,141.35,124.88,0.47,15.83,24.68,0.0003,0.0148
2011-07-31 00:00,150.05,123.18,0.41,21.27,25.79,0.0002,0.0132
2011-08-01 00:00,174.14,133.09,0.27,5.82,27.67,0.0002,0.0167
2011-08-02 00:00,277.60,163.39,2.15,16.13,43.24,0.0021,0.1871
2011-08-03 00:00,405.75,246.92,0.00,21.28,40.87,0.0000,0.0000
2011-08-04 00:00,498.25,356.79,0.00,22.41,38.49,0.0000,0.0000
2011-08-05 00:00,525.36,444.57,0.00,18.98,36.60,0.0000,0.0000
2011-08-06 00:00,559.29,521.03,1.09,15.51,43.18,0.0009,0.0841
2011-08-07 00:00,571.22,509.70,0.00,18.69,41.07,0.0000,0.0000
2011-08-08 00:00,554.44,444.57,0.00,17.95,39.20,0.0000,0.0000
2011-08-09 00:00,516.88,385.11,0.08,9.56,38.78,0.0000,0.0048
2011-08-10 00:00,469.99,328.48,0.00,18.80,36.90,0.0000,0.0000
2011-08-11 00:00,422.36,288.83,0.00,18.82,35.11,0.0000,0.0000
2011-08-12 00:00,378.08,256.55,0.00,16.42,33.61,0.0000,0.0000
2011-08-13 00:00,339.25,231.07,0.13,17.27,32.81,0.0000,0.0025
2011-08-14 00:00,305.43,215.49,0.00,19.38,31.16,0.0000,0.0000
2011-08-15 00:00,275.46,194.54,0.00,15.98,29.87,0.0000,0.0000
2011-08-16 00:00,269.59,184.91,0.62,17.88,32.79,0.0004,0.0272
2011-08-17 00:00,269.29,186.89,0.20,16.50,32.51,0.0001,0.0049
2011-08-18 00:00,261.10,182.64,0.00,18.69,30.95,0.0000,0.0000
2011-08-19 00:00,244.14,163.11,0.07,18.07,29.76,0.0000,0.0000
2011-08-20 00:00,222.68,158.01,0.02,19.19,28.34,0.0000,0.0000
2011-08-21 00:00,201.35,146.68,0.21,15.32,28.14,0.0000,0.0017
2011-08-22 00:00,181.59,138.47,0.00,17.28,26.88,0.0000,0.0000
2011-08-23 00:00,166.53,134.79,0.31,16.35,27.39,0.0001,0.0066
2011-08-24 00:00,155.26,130.82,0.00,17.99,26.11,0.0000,0.0000
2011-08-25 00:00,144.56,128.28,0.00,18.59,24.85,0.0000,0.0000
2011-08-26 00:00,132.85,123.74,0.03,15.63,23.94,0.0000,0.0000
2011-08-27 00:00,120.50,117.51,0.00,16.64,22.90,0.0000,0.0000
2011-08-28 00:00,108.46,111.29,0.00,17.30,21.88,0.0000,0.0000
2011-08-29 00:00,97.37,107.60,0.00,15.62,20.99,0.0000,0.0000
2011-08-30 00:00,87.44,97.41,0.03,11.09,20.45,0.0000,0.0000
2011-08-31 00:00,78.76,95.43,0.11,7.11,20.52,0.0000,0.0011
2011-09-01 00:00,71.31,93.73,0.02,16.51,19.69,0.0000,0.0000
2011-09-02 00:00,64.85,97.69,0.00,12.09,19.08,0.0000,0.0000
2011-09-03 00:00,59.16,96.56,0.04,16.12,18.42,0.0000,0.0001
2011-09-04 00:00,53.84,95.43,0.01,7.96,18.07,0.0000,0.0000
2011-09-05 00:00,48.82,90.61,0.00,11.62,17.53,0.0000,0.0000
2011-09-06 00:00,44.11,93.16,0.00,12.25,16.97,0.0000,0.0000
2011-09-07 00:00,39.79,79.29,0.00,12.43,16.42,0.0000,0.0000
2011-09-08 00:00,35.86,80.42,0.00,14.61,15.80,0.0000,0.0000
2011-09-09 00:00,32.32,78.72,0.00,15.08,15.19,0.0000,0.0000
2011-09-10 00:00,29.14,75.89,0.00,14.60,14.62,0.0000,0.0000
2011-09-11 00:00,26.29,75.89,0.00,15.87,14.01,0.0000,0.0000
2011-09-12 00:00,23.72,72.49,0.02,15.77,13.49,0.0000,0.0001
2011-09-13 00:00,21.42,71.64,0.00,12.37,13.06,0.0000,0.0000
2011-09-14 00:00,19.36,69.38,0.02,10.37,12.75,0.0000,0.0000
2011-09-15 00:00,17.52,66.54,0.01,9.64,12.45,0.0000,0.0000
2011-09-16 00:00,15.85,62.86,0.00,9.67,12.14,0.0000,0.0000
2011-09-17 00:00,14.35,66.26,0.00,6.18,11.93,0.0000,0.0000
2011-09-18 00:00,13.85,67.11,0.20,2.11,13.76,0.0002,0.0057
2011-09-19 00:00,14.72,68.53,0.00,9.75,13.42,0.0000,0.0000
2011-09-20 00:00,16.38,68.24,0.02,3.44,13.35,0.0000,0.0001
2011-09-21 00:00,21.36,69.38,0.36,3.68,16.64,0.0003,0.0125
2011-09-22 00:00,28.33,70.79,0.00,6.92,16.36,0.0000,0.0000
2011-09-23 00:00,34.35,70.79,0.00,7.72,16.04,0.0000,0.0000
2011-09-24 00:00,37.46,71.92,0.00,7.51,15.73,0.0000,0.0000
2011-09-25 00:00,37.53,74.76,0.00,7.77,15.42,0.0000,0.0000
2011-09-26 00:00,35.48,76.74,0.00,9.91,15.02,0.0000,0.0000
2011-09-27 00:00,32.85,76.74,0.11,8.82,15.43,0.0001,0.0030
2011-09-28 00:00,30.76,72.77,0.00,8.38,15.10,0.0000,0.0000
2011-09-29 00:00,33.15,71.92,0.32,3.15,18.00,0.0003,0.0140
2011-09-30 00:00,39.23,69.66,0.00,7.92,17.65,0.0000,0.0000
2011-10-01 00:00,45.29,70.51,0.00,7.13,17.32,0.0000,0.0000
2011-10-02 00:00,48.37,71.08,0.00,7.58,16.99,0.0000,0.0000
2011-10-03 00:00,47.94,79.29,0.00,8.16,16.63,0.0000,0.0000
2011-10-04 00:00,45.02,74.47,0.00,8.11,16.28,0.0000,0.0000
2011-10-05 00:00,40.96,59.47,0.00,8.99,15.90,0.0000,0.0000
2011-10-06 00:00,36.72,72.77,0.00,9.58,15.51,0.0000,0.0000
2011-10-07 00:00,32.79,72.21,0.00,11.73,15.04,0.0000,0.0000
2011-10-08 00:00,29.31,70.23,0.01,8.67,14.67,0.0000,0.0000
2011-10-09 00:00,26.71,68.53,0.14,6.62,15.43,0.0001,0.0025
2011-10-10 00:00,25.12,67.39,0.01,7.33,15.15,0.0000,0.0000
2011-10-11 00:00,24.05,67.68,0.01,7.03,14.90,0.0000,0.0000
2011-10-12 00:00,27.60,69.38,0.31,3.29,17.91,0.0003,0.0105
2011-10-13 00:00,34.83,75.89,0.27,3.00,20.15,0.0002,0.0128
2011-10-14 00:00,43.22,82.40,0.00,5.50,19.86,0.0000,0.0000
2011-10-15 00:00,50.11,76.74,0.00,7.04,19.50,0.0000,0.0000
2011-10-16 00:00,53.74,76.74,0.00,7.45,19.13,0.0000,0.0000
2011-10-17 00:00,53.79,75.89,0.00,7.73,18.75,0.0000,0.0000
2011-10-18 00:00,51.19,72.49,0.02,3.03,18.69,0.0000,0.0003
2011-10-19 00:00,47.25,80.70,0.02,2.88,18.63,0.0000,0.0001
2011-10-20 00:00,42.94,81.27,0.00,4.10,18.44,0.0000,0.0000
2011-10-21 00:00,38.75,67.68,0.00,4.88,18.21,0.0000,0.0000
2011-10-22 00:00,34.86,68.24,0.00,4.55,17.99,0.0000,0.0000
2011-10-23 00:00,33.39,74.47,0.18,1.38,19.64,0.0002,0.0082
2011-10-24 00:00,34.33,74.47,0.00,3.15,19.48,0.0000,0.0000
2011-10-25 00:00,36.63,75.32,0.10,3.20,19.90,0.0000,0.0023
2011-10-26 00:00,38.58,75.61,0.01,2.87,19.79,0.0000,0.0000
2011-10-27 00:00,39.05,77.30,0.04,3.13,19.85,0.0000,0.0011
2011-10-28 00:00,37.96,79.29,0.02,3.87,19.71,0.0000,0.0000
2011-10-29 00:00,35.82,82.40,0.00,3.36,19.56,0.0000,0.0000
2011-10-30 00:00,33.22,84.38,0.02,3.09,19.48,0.0000,0.0003
2011-10-31 00:00,30.46,82.69,0.00,2.13,19.37,0.0000,0.0000
2011-11-01 00:00,28.47,81.84,0.05,1.95,19.61,0.0000,0.0010
2011-11-02 00:00,26.66,81.27,0.02,3.18,19.54,0.0000,0.0002
2011-11-03 00:00,24.70,78.15,0.00,2.74,19.41,0.0000,0.0000
2011-11-04 00:00,22.65,77.02,0.00,3.94,19.21,0.0000,0.0000
2011-11-05 00:00,20.61,79.85,0.00,3.57,19.03,0.0000,0.0000
2011-11-06 00:00,18.65,80.42,0.00,0.77,18.99,0.0000,0.0000
2011-11-07 00:00,16.84,81.84,0.00,5.39,18.73,0.0000,0.0000
2011-11-08 00:00,15.18,79.29,0.00,3.57,18.56,0.0000,0.0000
2011-11-09 00:00,13.69,76.46,0.00,2.98,18.42,0.0000,0.0000
2011-11-10 00:00,12.56,73.91,0.04,2.61,18.56,0.0000,0.0010
2011-11-11 00:00,11.83,73.34,0.00,4.04,18.36,0.0000,0.0000
2011-11-12 00:00,11.27,74.19,0.00,3.55,18.19,0.0000,0.0000
2011-11-13 00:00,10.67,75.61,0.00,2.98,18.06,0.0000,0.0000
2011-11-14 00:00,9.94,74.47,0.01,3.49,17.91,0.0000,0.0000
2011-11-15 00:00,9.38,75.04,0.05,2.70,18.16,0.0000,0.0016
2011-11-16 00:00,9.21,75.32,0.00,3.70,18.00,0.0000,0.0000
2011-11-17 00:00,9.26,73.91,0.00,2.71,17.87,0.0000,0.0000
2011-11-18 00:00,9.18,72.77,0.02,3.67,17.77,0.0000,0.0000
2011-11-19 00:00,12.79,72.49,0.34,0.02,21.46,0.0004,0.0188
2011-11-20 00:00,20.36,71.64,0.01,0.79,21.47,0.0000,0.0003
2011-11-21 00:00,28.69,58.90,0.00,0.09,21.46,0.0000,0.0000
2011-11-22 00:00,34.53,78.72,0.00,0.28,21.45,0.0000,0.0000
2011-11-23 00:00,36.81,84.10,0.00,0.55,21.41,0.0000,0.0000
2011-11-24 00:00,36.22,79.29,0.00,0.56,21.38,0.0000,0.0000
2011-11-25 00:00,33.96,78.15,0.00,0.26,21.37,0.0000,0.0000
2011-11-26 00:00,33.62,81.27,0.20,1.34,23.10,0.0002,0.0114
2011-11-27 00:00,36.04,83.82,0.00,2.13,22.98,0.0000,0.0000
2011-11-28 00:00,39.34,83.82,0.00,1.73,22.88,0.0000,0.0000
2011-11-29 00:00,41.23,85.52,0.00,1.05,22.82,0.0000,0.0000
2011-11-30 00:00,40.86,81.84,0.01,2.41,22.73,0.0000,0.0002
2011-12-01 00:00,38.76,80.14,0.03,2.15,22.72,0.0000,0.0001
2011-12-02 00:00,35.68,66.26,0.00,2.68,22.56,0.0000,0.0000
2011-12-03 00:00,32.63,54.65,0.05,2.73,22.68,0.0000,0.0011
2011-12-04 00:00,31.52,62.30,0.10,0.91,23.56,0.0001,0.0057
2011-12-05 00:00,31.97,66.26,0.00,0.03,23.56,0.0000,0.0000
2011-12-06 00:00,32.81,66.83,0.00,0.00,23.56,0.0000,0.0000
2011-12-07 00:00,32.84,44.74,0.00,0.52,23.53,0.0000,0.0000
2011-12-08 00:00,31.62,49.27,0.00,0.66,23.49,0.0000,0.0000
2011-12-09 00:00,29.42,52.10,0.00,0.74,23.45,0.0000,0.0000
2011-12-10 00:00,26.75,52.95,0.00,1.09,23.38,0.0000,0.0000
2011-12-11 00:00,24.05,61.16,0.00,0.76,23.33,0.0000,0.0000
2011-12-12 00:00,21.55,67.96,0.00,0.50,23.31,0.0000,0.0000
2011-12-13 00:00,19.31,73.34,0.00,0.83,23.26,0.0000,0.0000
2011-12-14 00:00,20.31,86.93,0.15,0.49,24.74,0.0002,0.0089
2011-12-15 00:00,24.93,84.95,0.13,1.42,25.70,0.0001,0.0082
2011-12-16 00:00,31.63,81.27,0.00,0.35,25.68,0.0000,0.0000
2011-12-17 00:00,37.64,77.30,0.00,0.00,25.68,0.0000,0.0000
2011-12-18 00:00,40.83,71.64,0.00,0.10,25.67,0.0000,0.0000
2011-12-19 00:00,40.80,69.66,0.00,0.50,25.64,0.0000,0.0000
2011-12-20 00:00,38.44,69.38,0.00,0.24,25.62,0.0000,0.0000
2011-12-21 00:00,36.29,69.94,0.09,1.90,26.22,0.0001,0.0045
2011-12-22 00:00,35.14,72.21,0.00,0.56,26.18,0.0000,0.0000
2011-12-23 00:00,35.84,68.81,0.08,0.95,26.84,0.0001,0.0047
2011-12-24 00:00,37.16,65.98,0.00,0.33,26.82,0.0000,0.0000
2011-12-25 00:00,37.67,65.98,0.00,0.74,26.77,0.0000,0.0000
2011-12-26 00:00,36.69,67.39,0.00,1.23,26.69,0.0000,0.0000
2011-12-27 00:00,34.41,71.36,0.00,1.20,26.61,0.0000,0.0000
2011-12-28 00:00,31.46,71.92,0.01,1.38,26.56,0.0000,0.0001
2011-12-29 00:00,29.79,71.64,0.09,1.45,27.20,0.0001,0.0051
2011-12-30 00:00,30.12,68.24,0.03,0.72,27.39,0.0000,0.0011
2011-12-31 00:00,31.16,66.83,0.01,0.86,27.38,0.0000,0.0002
2012-01-01 00:00,37.58,69.09,0.26,1.27,29.57,0.0003,0.0189
2012-01-02 00:00,47.09,67.96,0.00,0.85,29.51,0.0000,0.0000
2012-01-03 00:00,55.22,62.30,0.00,0.48,29.48,0.0000,0.0000
2012-01-04 00:00,58.86,57.77,0.00,0.52,29.44,0.0000,0.0000
2012-01-05 00:00,57.89,54.65,0.00,0.33,29.42,0.0000,0.0000
2012-01-06 00:00,53.94,55.50,0.00,1.51,29.31,0.0000,0.0000
2012-01-07 00:00,48.81,68.53,0.00,1.13,29.25,0.0000,0.0001
2012-01-08 00:00,43.67,73.06,0.00,0.49,29.22,0.0000,0.0000
2012-01-09 00:00,39.02,70.23,0.00,2.24,29.06,0.0000,0.0000
2012-01-10 00:00,34.95,70.23,0.00,0.81,29.00,0.0000,0.0000
2012-01-11 00:00,32.36,70.23,0.07,0.90,29.47,0.0001,0.0047
2012-01-12 00:00,31.47,67.11,0.00,1.75,29.37,0.0000,0.0000
2012-01-13 00:00,31.32,64.00,0.00,0.43,29.33,0.0000,0.0000
2012-01-14 00:00,30.87,60.31,0.00,0.00,29.35,0.0000,0.0001
2012-01-15 00:00,29.53,56.07,0.00,0.29,29.33,0.0000,0.0000
2012-01-16 00:00,27.42,56.07,0.00,1.01,29.25,0.0000,0.0000
2012-01-17 00:00,24.96,64.00,0.00,1.42,29.15,0.0000,0.0000
2012-01-18 00:00,22.58,60.88,0.01,0.53,29.17,0.0000,0.0003
2012-01-19 00:00,20.69,58.33,0.01,0.22,29.27,0.0000,0.0012
2012-01-20 00:00,19.36,52.10,0.00,0.38,29.24,0.0000,0.0000
2012-01-21 00:00,18.33,48.42,0.00,0.08,29.23,0.0000,0.0000
2012-01-22 00:00,17.27,46.16,0.00,1.17,29.15,0.0000,0.0000
2012-01-23 00:00,18.96,46.72,0.17,0.69,30.57,0.0002,0.0137
2012-01-24 00:00,23.74,53.24,0.00,0.40,30.54,0.0000,0.0000
2012-01-25 00:00,30.04,58.62,0.02,0.79,30.60,0.0000,0.0005
2012-01-26 00:00,34.43,62.01,0.01,0.96,30.56,0.0000,0.0001
2012-01-27 00:00,38.38,59.18,0.11,0.25,31.51,0.0001,0.0091
2012-01-28 00:00,42.11,57.20,0.00,0.56,31.47,0.0000,0.0000
2012-01-29 00:00,44.62,58.90,0.00,0.14,31.46,0.0000,0.0000
2012-01-30 00:00,46.22,58.90,0.07,1.15,31.89,0.0001,0.0046
2012-01-31 00:00,46.86,60.03,0.00,1.70,31.76,0.0000,0.0000
2012-02-01 00:00,46.22,61.16,0.00,1.56,31.64,0.0000,0.0000
2012-02-02 00:00,44.15,62.58,0.00,1.21,31.55,0.0000,0.0000
2012-02-03 00:00,40.94,66.54,0.00,1.24,31.46,0.0000,0.0000
2012-02-04 00:00,37.18,65.98,0.00,0.64,31.41,0.0000,0.0000
2012-02-05 00:00,33.39,65.98,0.00,0.70,31.36,0.0000,0.0000
2012-02-06 00:00,29.86,66.83,0.00,1.36,31.24,0.0000,0.0000
2012-02-07 00:00,26.72,67.11,0.00,1.40,31.13,0.0000,0.0000
2012-02-08 00:00,23.96,65.13,0.00,1.60,31.01,0.0000,0.0000
2012-02-09 00:00,21.53,61.73,0.00,3.03,30.79,0.0000,0.0000
2012-02-10 00:00,19.90,61.45,0.05,2.21,31.00,0.0000,0.0036
2012-02-11 00:00,19.37,59.47,0.00,2.17,30.84,0.0000,0.0000
2012-02-12 00:00,19.53,56.92,0.00,2.78,30.64,0.0000,0.0000
2012-02-13 00:00,19.60,54.65,0.00,2.86,30.44,0.0000,0.0000
2012-02-14 00:00,19.10,53.80,0.00,1.62,30.33,0.0000,0.0000
2012-02-15 00:00,18.37,55.50,0.05,1.90,30.49,0.0000,0.0015
2012-02-16 00:00,17.63,61.45,0.01,1.83,30.41,0.0000,0.0003
2012-02-17 00:00,16.96,62.01,0.03,2.69,30.33,0.0000,0.0002
2012-02-18 00:00,16.28,60.60,0.00,1.67,30.24,0.0000,0.0001
2012-02-19 00:00,15.45,61.45,0.00,2.48,30.07,0.0000,0.0000
2012-02-20 00:00,14.46,62.30,0.00,3.13,29.85,0.0000,0.0000
2012-02-21 00:00,15.45,62.58,0.15,2.93,30.79,0.0001,0.0078
2012-02-22 00:00,18.11,59.18,0.01,1.60,30.71,0.0000,0.0002
2012-02-23 00:00,20.96,62.30,0.00,1.63,30.58,0.0000,0.0000
2012-02-24 00:00,22.63,65.13,0.00,1.65,30.47,0.0000,0.0000
2012-02-25 00:00,22.76,62.58,0.01,1.86,30.36,0.0000,0.0001
2012-02-26 00:00,22.89,61.45,0.07,1.07,30.86,0.0001,0.0044
2012-02-27 00:00,23.42,62.30,0.01,2.16,30.74,0.0000,0.0000
2012-02-28 00:00,24.96,64.00,0.05,1.97,30.95,0.0000,0.0017
2012-02-29 00:00,56.37,64.00,0.82,0.97,38.08,0.0009,0.0747
2012-03-01 00:00,98.63,59.18,0.01,2.99,37.84,0.0000,0.0000
2012-03-02 00:00,133.59,57.20,0.04,2.71,37.80,0.0000,0.0004
2012-03-03 00:00,154.44,62.86,0.12,1.62,38.55,0.0001,0.0128
2012-03-04 00:00,163.35,67.96,0.02,2.15,38.46,0.0000,0.0006
2012-03-05 00:00,165.21,69.09,0.07,1.35,38.85,0.0001,0.0046
2012-03-06 00:00,160.80,68.81,0.00,2.75,38.57,0.0000,0.0000
2012-03-07 00:00,151.99,71.36,0.04,0.90,38.74,0.0000,0.0034
2012-03-08 00:00,141.20,73.62,0.04,2.35,38.77,0.0000,0.0014
2012-03-09 00:00,130.12,71.92,0.00,2.39,38.57,0.0000,0.0000
2012-03-10 00:00,119.15,75.04,0.00,5.05,38.07,0.0000,0.0000
2012-03-11 00:00,108.27,79.57,0.00,4.68,37.63,0.0000,0.0000
2012-03-12 00:00,121.30,99.11,0.55,3.44,41.45,0.0006,0.0561
2012-03-13 00:00,144.52,131.11,0.01,6.95,40.76,0.0000,0.0000
2012-03-14 00:00,164.39,179.81,0.00,8.32,39.92,0.0000,0.0000
2012-03-15 00:00,171.81,205.58,0.00,6.97,39.19,0.0000,0.0000
2012-03-16 00:00,166.72,227.38,0.00,7.74,38.43,0.0000,0.0000
2012-03-17 00:00,153.97,217.47,0.00,4.35,38.00,0.0000,0.0000
2012-03-18 00:00,138.56,216.91,0.00,9.96,37.01,0.0000,0.0000
2012-03-19 00:00,123.53,210.11,0.00,8.42,36.19,0.0000,0.0000
2012-03-20 00:00,123.34,229.93,0.34,7.61,38.05,0.0002,0.0175
2012-03-21 00:00,125.99,224.27,0.08,2.47,38.32,0.0000,0.0034
2012-03-22 00:00,129.88,234.75,0.13,4.96,38.71,0.0001,0.0049
2012-03-23 00:00,128.45,233.90,0.04,3.12,38.64,0.0000,0.0013
2012-03-24 00:00,121.08,225.69,0.00,8.82,37.78,0.0000,0.0000
2012-03-25 00:00,110.84,213.79,0.00,7.85,37.03,0.0000,0.0000
2012-03-26 00:00,100.05,201.33,0.02,6.76,36.44,0.0000,0.0000
2012-03-27 00:00,89.81,184.63,0.03,12.48,35.44,0.0000,0.0000
2012-03-28 00:00,80.50,179.53,0.00,8.81,34.63,0.0000,0.0000
2012-03-29 00:00,72.19,166.22,0.00,7.09,33.98,0.0000,0.0000
2012-03-30 00:00,64.97,159.71,0.12,9.38,33.76,0.0000,0.0018
2012-03-31 00:00,58.97,152.34,0.00,6.56,33.19,0.0000,0.0000
2012-04-01 00:00,54.01,148.66,0.00,8.44,32.46,0.0000,0.0000
2012-04-02 00:00,49.68,142.72,0.01,11.12,31.55,0.0000,0.0000
2012-04-03 00:00,45.67,136.77,0.11,11.88,31.06,0.0000,0.0002
2012-04-04 00:00,41.80,129.12,0.00,11.59,30.13,0.0000,0.0000
2012-04-05 00:00,38.03,123.74,0.00,11.71,29.22,0.0000,0.0000
2012-04-06 00:00,34.43,116.95,0.00,11.86,28.32,0.0000,0.0000
2012-04-07 00:00,32.43,110.72,0.11,5.22,28.50,0.0000,0.0018
2012-04-08 00:00,30.62,110.44,0.00,11.96,27.64,0.0000,0.0000
2012-04-09 00:00,28.52,109.30,0.00,11.18,26.85,0.0000,0.0000
2012-04-10 00:00,26.17,105.34,0.00,10.15,26.15,0.0000,0.0000
2012-04-11 00:00,23.77,99.39,0.00,11.20,25.39,0.0000,0.0000
2012-04-12 00:00,21.46,93.45,0.00,12.03,24.61,0.0000,0.0000
2012-04-13 00:00,19.33,89.20,0.05,7.19,24.33,0.0000,0.0000
2012-04-14 00:00,17.42,95.71,0.01,14.90,23.43,0.0000,0.0000
2012-04-15 00:00,29.66,100.81,0.57,5.54,28.13,0.0005,0.0305
2012-04-16 00:00,77.53,112.98,0.76,4.44,34.40,0.0008,0.0571
2012-04-17 00:00,126.58,159.14,0.00,9.29,33.57,0.0000,0.0000
2012-04-18 00:00,181.41,207.85,0.55,6.04,37.31,0.0005,0.0415
2012-04-19 00:00,220.61,225.40,0.00,6.40,36.69,0.0000,0.0000
2012-04-20 00:00,237.06,244.94,0.00,11.67,35.59,0.0000,0.0000
2012-04-21 00:00,240.09,251.17,0.25,6.90,36.70,0.0002,0.0134
2012-04-22 00:00,233.99,238.99,0.10,10.05,36.25,0.0000,0.0008
2012-04-23 00:00,220.50,226.82,0.00,10.24,35.28,0.0000,0.0000
2012-04-24 00:00,201.74,214.36,0.00,15.38,33.89,0.0000,0.0000
2012-04-25 00:00,181.10,195.10,0.11,13.48,33.34,0.0000,0.0022
2012-04-26 00:00,161.69,189.44,0.00,11.26,32.38,0.0000,0.0000
2012-04-27 00:00,144.91,179.81,0.00,9.23,31.58,0.0000,0.0000
2012-04-28 00:00,130.65,170.47,0.03,9.20,30.92,0.0000,0.0001
2012-04-29 00:00,118.09,153.76,0.01,10.08,30.12,0.0000,0.0000
2012-04-30 00:00,106.66,141.02,0.05,13.33,29.29,0.0000,0.0000
2012-05-01 00:00,99.55,131.96,0.33,14.26,30.21,0.0001,0.0096
2012-05-02 00:00,142.14,158.86,1.00,17.32,36.40,0.0008,0.0613
2012-05-03 00:00,191.79,211.24,0.35,14.34,37.16,0.0001,0.0105
2012-05-04 00:00,218.84,248.91,0.01,11.45,36.09,0.0000,0.0000
2012-05-05 00:00,224.01,259.10,0.09,7.76,35.91,0.0000,0.0023
2012-05-06 00:00,308.53,280.05,1.41,10.10,45.64,0.0014,0.1354
2012-05-07 00:00,387.06,325.64,0.00,16.62,43.66,0.0000,0.0000
2012-05-08 00:00,425.21,353.96,0.17,12.39,43.30,0.0000,0.0039
2012-05-09 00:00,421.63,373.78,0.01,14.09,41.77,0.0000,0.0000
2012-05-10 00:00,392.03,345.47,0.00,18.88,39.72,0.0000,0.0000
2012-05-11 00:00,352.30,314.32,0.02,8.32,38.95,0.0000,0.0000
2012-05-12 00:00,312.56,280.05,0.02,12.61,37.78,0.0000,0.0000
2012-05-13 00:00,277.08,247.77,0.00,19.81,35.83,0.0000,0.0000
2012-05-14 00:00,246.58,223.70,0.00,21.50,33.83,0.0000,0.0000
2012-05-15 00:00,220.39,198.78,0.00,20.61,32.03,0.0000,0.0000
2012-05-16 00:00,197.63,175.00,0.00,18.18,30.51,0.0000,0.0000
2012-05-17 00:00,177.58,149.80,0.05,11.49,29.80,0.0000,0.0000
2012-05-18 00:00,159.75,139.04,0.01,22.06,28.11,0.0000,0.0000
2012-05-19 00:00,144.99,130.26,0.08,19.71,27.08,0.0000,0.0020
2012-05-20 00:00,194.44,136.77,1.07,3.77,36.21,0.0011,0.0867
2012-05-21 00:00,244.37,136.49,0.00,19.84,34.36,0.0000,0.0000
2012-05-22 00:00,268.07,146.96,0.00,19.30,32.64,0.0000,0.0000
2012-05-23 00:00,270.21,146.96,0.22,10.49,33.30,0.0001,0.0121
2012-05-24 00:00,537.62,186.89,2.75,3.39,53.82,0.0031,0.3188
2012-05-25 00:00,753.40,353.96,0.00,14.84,51.76,0.0000,0.0000
2012-05-26 00:00,866.86,506.87,0.22,9.77,51.93,0.0001,0.0128
2012-05-27 00:00,895.30,662.61,0.55,11.26,54.04,0.0004,0.0541
2012-05-28 00:00,1006.39,801.37,1.33,21.60,59.29,0.0011,0.1485
2012-05-29 00:00,1073.08,940.12,0.02,9.25,58.02,0.0000,0.0000
2012-05-30 00:00,1055.26,1008.08,0.01,13.77,56.02,0.0000,0.0000
2012-05-31 00:00,973.29,1042.06,0.00,19.21,53.24,0.0000,0.0000
2012-06-01 00:00,865.90,965.60,0.00,20.80,50.34,0.0000,0.0000
2012-06-02 00:00,761.23,809.86,0.00,16.55,48.19,0.0000,0.0000
2012-06-03 00:00,670.67,637.13,0.03,17.06,46.24,0.0000,0.0000
2012-06-04 00:00,594.98,495.54,0.04,21.68,43.87,0.0000,0.0001
2012-06-05 00:00,531.18,402.10,0.00,21.11,41.49,0.0000,0.0000
2012-06-06 00:00,480.47,331.31,0.19,20.74,40.42,0.0000,0.0050
2012-06-07 00:00,437.02,286.00,0.05,21.50,38.46,0.0000,0.0017
2012-06-08 00:00,398.84,238.99,0.16,17.39,37.64,0.0000,0.0031
2012-06-09 00:00,364.07,217.47,0.00,23.22,35.37,0.0000,0.0000
2012-06-10 00:00,330.90,197.65,0.00,25.26,33.06,0.0000,0.0000
2012-06-11 00:00,316.95,170.47,0.59,22.42,34.90,0.0003,0.0257
2012-06-12 00:00,306.57,159.99,0.00,18.51,33.21,0.0000,0.0000
2012-06-13 00:00,291.08,151.78,0.07,15.22,32.28,0.0000,0.0007
2012-06-14 00:00,329.07,154.61,1.22,5.12,42.07,0.0013,0.1094
2012-06-15 00:00,379.79,157.72,0.00,18.63,40.02,0.0000,0.0000
2012-06-16 00:00,421.26,213.79,0.33,17.69,40.15,0.0001,0.0083
2012-06-17 00:00,427.10,246.36,0.04,16.03,38.69,0.0000,0.0000
2012-06-18 00:00,417.51,250.60,0.47,18.15,39.81,0.0002,0.0178
2012-06-19 00:00,403.45,239.84,0.45,17.22,40.77,0.0001,0.0144
2012-06-20 00:00,448.34,247.21,1.57,17.41,48.86,0.0014,0.1761
2012-06-21 00:00,550.17,311.49,0.06,19.78,46.72,0.0000,0.0000
2012-06-22 00:00,635.13,622.97,0.07,20.69,44.67,0.0000,0.0001
2012-06-23 00:00,653.02,835.35,0.04,12.55,43.46,0.0000,0.0002
2012-06-24 00:00,611.84,753.23,0.04,22.21,41.21,0.0000,0.0000
2012-06-25 00:00,544.62,594.65,0.00,21.11,38.96,0.0000,0.0000
2012-06-26 00:00,476.70,464.40,0.00,16.79,37.23,0.0000,0.0000
2012-06-27 00:00,418.25,379.45,0.00,21.33,35.20,0.0000,0.0000
2012-06-28 00:00,370.10,305.82,0.00,21.53,33.24,0.0000,0.0000
2012-06-29 00:00,329.98,258.82,0.00,23.35,31.22,0.0000,0.0000
2012-06-30 00:00,295.65,222.00,0.00,24.28,29.25,0.0000,0.0000
2012-07-01 00:00,265.71,192.27,0.02,25.36,27.44,0.0000,0.0003
2012-07-02 00:00,239.33,170.75,0.04,22.44,26.00,0.0000,0.0002
2012-07-03 00:00,228.12,159.71,0.73,23.46,28.65,0.0003,0.0224
2012-07-04 00:00,223.18,156.03,0.00,26.42,26.71,0.0000,0.0000
2012-07-05 00:00,216.85,175.28,0.30,25.19,26.27,0.0000,0.0032
2012-07-06 00:00,208.09,180.66,0.22,13.82,26.51,0.0001,0.0077
2012-07-07 00:00,198.15,179.53,0.06,22.65,25.16,0.0000,0.0002
2012-07-08 00:00,186.03,186.04,0.05,23.42,23.80,0.0000,0.0000
2012-07-09 00:00,171.34,184.91,0.00,21.65,22.46,0.0000,0.0000
2012-07-10 00:00,155.11,162.26,0.00,25.31,21.00,0.0000,0.0000
2012-07-11 00:00,139.00,131.11,0.00,23.97,19.69,0.0000,0.0000
2012-07-12 00:00,124.19,118.08,0.00,22.39,18.54,0.0000,0.0000
2012-07-13 00:00,114.71,103.36,0.31,22.78,18.77,0.0001,0.0031
2012-07-14 00:00,105.57,101.94,0.03,23.32,17.69,0.0000,0.0000
2012-07-15 00:00,96.00,104.21,0.00,18.66,16.84,0.0000,0.0000
2012-07-16 00:00,86.56,97.98,0.00,22.57,15.86,0.0000,0.0000
2012-07-17 00:00,77.82,97.98,0.10,19.35,15.29,0.0000,0.0000
2012-07-18 00:00,79.09,90.90,0.44,16.85,17.45,0.0002,0.0103
2012-07-19 00:00,79.76,91.75,0.00,20.79,16.51,0.0000,0.0000
2012-07-20 00:00,76.92,92.60,0.02,20.13,15.71,0.0000,0.0000
2012-07-21 00:00,72.56,93.73,0.15,22.60,15.33,0.0000,0.0016
2012-07-22 00:00,67.20,94.58,0.00,21.03,14.52,0.0000,0.0000
2012-07-23 00:00,61.13,94.30,0.00,21.93,13.69,0.0000,0.0000
2012-07-24 00:00,54.99,88.07,0.01,21.24,12.99,0.0000,0.0000
2012-07-25 00:00,55.30,88.63,0.77,11.53,19.52,0.0007,0.0265
2012-07-26 00:00,63.71,86.08,0.10,21.36,18.76,0.0000,0.0004
2012-07-27 00:00,74.13,96.28,0.06,18.43,18.05,0.0000,0.0002
2012-07-28 00:00,80.18,94.86,0.00,20.72,17.08,0.0000,0.0000
2012-07-29 00:00,80.22,94.58,0.02,20.90,16.23,0.0000,0.0001
2012-07-30 00:00,75.72,95.14,0.01,19.94,15.41,0.0000,0.0000
2012-07-31 00:00,69.08,87.50,0.00,21.55,14.55,0.0000,0.0000
2012-08-01 00:00,62.13,80.14,0.08,17.45,14.07,0.0000,0.0001
2012-08-02 00:00,55.64,78.15,0.00,21.57,13.28,0.0000,0.0000
2012-08-03 00:00,49.85,75.61,0.00,20.97,12.56,0.0000,0.0000
2012-08-04 00:00,47.34,73.34,0.50,16.84,14.58,0.0002,0.0080
2012-08-05 00:00,47.28,71.64,0.00,17.79,13.91,0.0000,0.0000
2012-08-06 00:00,47.76,68.81,0.00,18.82,13.24,0.0000,0.0000
2012-08-07 00:00,46.96,73.62,0.00,19.64,12.57,0.0000,0.0000
2012-08-08 00:00,44.48,73.34,0.11,7.89,12.63,0.0000,0.0005
2012-08-09 00:00,41.16,65.13,0.14,17.31,12.56,0.0000,0.0010
2012-08-10 00:00,37.87,64.56,0.00,18.14,11.97,0.0000,0.0000
2012-08-11 00:00,34.84,65.98,0.00,17.44,11.43,0.0000,0.0000
2012-08-12 00:00,31.96,64.28,0.00,10.02,11.14,0.0000,0.0000
2012-08-13 00:00,29.14,61.73,0.03,16.14,10.72,0.0000,0.0000
2012-08-14 00:00,26.41,61.45,0.00,14.12,10.33,0.0000,0.0000
2012-08-15 00:00,23.85,58.90,0.01,15.39,9.93,0.0000,0.0000
2012-08-16 00:00,22.13,59.18,0.20,8.56,10.81,0.0001,0.0024
2012-08-17 00:00,21.23,59.47,0.00,14.76,10.40,0.0000,0.0000
2012-08-18 00:00,20.70,58.90,0.12,16.68,10.25,0.0000,0.0005
2012-08-19 00:00,20.06,54.09,0.04,14.91,9.90,0.0000,0.0000
2012-08-20 00:00,19.08,54.09,0.00,15.57,9.50,0.0000,0.0000
2012-08-21 00:00,17.76,55.78,0.00,17.10,9.08,0.0000,0.0000
2012-08-22 00:00,16.26,54.93,0.02,15.32,8.74,0.0000,0.0000
2012-08-23 00:00,15.39,53.24,0.29,13.29,10.08,0.0001,0.0037
2012-08-24 00:00,16.62,53.52,0.28,17.05,11.84,0.0002,0.0098
2012-08-25 00:00,20.64,53.52,0.01,10.09,11.53,0.0000,0.0000
2012-08-26 00:00,26.02,53.52,0.00,17.42,11.02,0.0000,0.0000
2012-08-27 00:00,30.32,53.80,0.00,17.03,10.53,0.0000,0.0000
2012-08-28 00:00,32.15,53.80,0.08,15.48,10.26,0.0000,0.0001
2012-08-29 00:00,31.50,52.95,0.00,12.13,9.92,0.0000,0.0000
2012-08-30 00:00,29.33,52.95,0.00,4.34,9.82,0.0000,0.0000
2012-08-31 00:00,26.58,51.25,0.00,15.23,9.43,0.0000,0.0000
2012-09-01 00:00,23.84,49.55,0.00,16.87,9.02,0.0000,0.0000
2012-09-02 00:00,21.34,47.86,0.00,15.64,8.65,0.0000,0.0000
2012-09-03 00:00,19.15,47.86,0.02,16.25,8.32,0.0000,0.0001
2012-09-04 00:00,17.24,47.86,0.00,15.80,7.97,0.0000,0.0000
2012-09-05 00:00,15.62,46.72,0.12,16.88,8.01,0.0000,0.0007
2012-09-06 00:00,14.31,46.72,0.01,15.73,7.70,0.0000,0.0000
2012-09-07 00:00,13.74,47.29,0.28,10.44,8.89,0.0001,0.0022
2012-09-08 00:00,13.79,48.70,0.04,11.91,8.70,0.0000,0.0000
2012-09-09 00:00,14.02,50.69,0.00,12.41,8.42,0.0000,0.0000
2012-09-10 00:00,14.00,48.42,0.00,13.13,8.14,0.0000,0.0000
2012-09-11 00:00,13.55,45.59,0.00,16.19,7.79,0.0000,0.0000
2012-09-12 00:00,12.73,46.72,0.03,5.28,7.75,0.0000,0.0001
2012-09-13 00:00,11.72,47.01,0.00,15.29,7.46,0.0000,0.0000
2012-09-14 00:00,10.68,47.01,0.00,12.38,7.22,0.0000,0.0000
2012-09-15 00:00,9.68,45.02,0.00,11.03,7.01,0.0000,0.0000
2012-09-16 00:00,8.75,44.74,0.00,13.24,6.78,0.0000,0.0000
2012-09-17 00:00,7.96,46.72,0.06,11.32,6.74,0.0000,0.0002
2012-09-18 00:00,7.30,46.16,0.00,9.46,6.57,0.0000,0.0000
2012-09-19 00:00,6.75,46.44,0.13,12.97,6.60,0.0000,0.0004
2012-09-20 00:00,6.31,43.61,0.00,8.87,6.46,0.0000,0.0000
2012-09-21 00:00,6.01,40.78,0.14,9.73,6.72,0.0000,0.0004
2012-09-22 00:00,6.17,46.16,0.21,7.58,7.99,0.0001,0.0033
2012-09-23 00:00,7.04,48.99,0.00,8.24,7.82,0.0000,0.0000
2012-09-24 00:00,8.33,45.31,0.00,11.92,7.58,0.0000,0.0000
2012-09-25 00:00,9.46,43.89,0.00,8.54,7.41,0.0000,0.0000
2012-09-26 00:00,10.01,45.31,0.00,7.44,7.27,0.0000,0.0000
2012-09-27 00:00,9.91,45.59,0.00,8.02,7.13,0.0000,0.0000
2012-09-28 00:00,9.37,47.29,0.00,9.97,6.95,0.0000,0.0000
2012-09-29 00:00,8.61,47.29,0.00,11.21,6.75,0.0000,0.0000
2012-09-30 00:00,7.80,48.14,0.00,10.33,6.58,0.0000,0.0000
2012-10-01 00:00,7.04,49.27,0.00,9.65,6.42,0.0000,0.0000
2012-10-02 00:00,6.34,48.42,0.00,9.64,6.26,0.0000,0.0000
2012-10-03 00:00,5.71,48.42,0.00,9.16,6.12,0.0000,0.0000
2012-10-04 00:00,5.16,48.70,0.00,6.50,6.01,0.0000,0.0000
2012-10-05 00:00,4.66,48.99,0.00,5.82,5.93,0.0000,0.0000
2012-10-06 00:00,4.21,47.29,0.00,5.18,5.86,0.0000,0.0000
2012-10-07 00:00,3.81,45.87,0.00,6.25,5.76,0.0000,0.0000
2012-10-08 00:00,3.46,44.17,0.07,4.81,5.83,0.0000,0.0001
2012-10-09 00:00,3.17,46.44,0.03,4.95,5.78,0.0000,0.0000
2012-10-10 00:00,2.93,46.44,0.00,4.93,5.71,0.0000,0.0000
2012-10-11 00:00,2.74,46.16,0.06,6.05,5.79,0.0000,0.0003
2012-10-12 00:00,2.60,46.16,0.00,5.14,5.71,0.0000,0.0000
2012-10-13 00:00,2.50,47.86,0.00,6.07,5.63,0.0000,0.0000
2012-10-14 00:00,2.42,48.42,0.00,4.18,5.58,0.0000,0.0000
2012-10-15 00:00,2.32,50.69,0.00,4.75,5.51,0.0000,0.0000
2012-10-16 00:00,2.19,48.99,0.04,7.54,5.45,0.0000,0.0000
2012-10-17 00:00,2.04,52.39,0.03,4.40,5.42,0.0000,0.0000
2012-10-18 00:00,1.94,58.90,0.06,3.61,5.75,0.0000,0.0010
2012-10-19 00:00,2.20,53.24,0.17,3.96,6.93,0.0001,0.0021
2012-10-20 00:00,3.06,52.67,0.00,3.58,6.87,0.0000,0.0000
2012-10-21 00:00,4.29,52.39,0.00,4.73,6.79,0.0000,0.0000
2012-10-22 00:00,5.41,54.65,0.00,5.08,6.70,0.0000,0.0000
2012-10-23 00:00,6.49,54.37,0.14,2.81,7.88,0.0001,0.0024
2012-10-24 00:00,8.89,57.77,0.22,0.98,10.24,0.0002,0.0063
2012-10-25 00:00,24.61,70.79,0.81,1.58,19.07,0.0009,0.0340
2012-10-26 00:00,46.21,73.34,0.00,1.79,18.97,0.0000,0.0000
2012-10-27 00:00,65.84,73.06,0.00,2.53,18.85,0.0000,0.0000
2012-10-28 00:00,77.72,77.02,0.01,3.13,18.73,0.0000,0.0001
2012-10-29 00:00,80.72,78.72,0.00,2.67,18.60,0.0000,0.0000
2012-10-30 00:00,77.27,70.23,0.00,3.16,18.45,0.0000,0.0000
2012-10-31 00:00,70.64,73.06,0.00,3.55,18.28,0.0000,0.0000
2012-11-01 00:00,63.23,74.76,0.00,4.06,18.10,0.0000,0.0000
2012-11-02 00:00,56.26,68.81,0.00,2.28,17.99,0.0000,0.0000
2012-11-03 00:00,50.30,62.58,0.04,3.89,17.95,0.0000,0.0003
2012-11-04 00:00,45.25,61.73,0.00,2.09,17.87,0.0000,0.0000
2012-11-05 00:00,40.81,63.43,0.00,2.83,17.73,0.0000,0.0000
2012-11-06 00:00,39.01,65.70,0.15,1.67,18.98,0.0001,0.0056
2012-11-07 00:00,38.45,67.11,0.00,1.49,18.91,0.0000,0.0000
2012-11-08 00:00,37.99,65.70,0.03,2.64,18.89,0.0000,0.0003
2012-11-09 00:00,36.88,66.26,0.00,1.27,18.84,0.0000,0.0000
2012-11-10 00:00,37.13,65.13,0.14,1.82,19.88,0.0001,0.0068
2012-11-11 00:00,43.92,66.26,0.29,1.74,22.65,0.0003,0.0133
2012-11-12 00:00,52.42,70.79,0.00,3.68,22.45,0.0000,0.0000
2012-11-13 00:00,58.69,72.21,0.00,1.82,22.34,0.0000,0.0000
2012-11-14 00:00,60.63,69.66,0.00,2.67,22.19,0.0000,0.0000
2012-11-15 00:00,58.52,67.96,0.00,1.05,22.13,0.0000,0.0000
2012-11-16 00:00,53.95,67.96,0.00,1.50,22.04,0.0000,0.0000
2012-11-17 00:00,48.53,68.24,0.00,1.85,21.94,0.0000,0.0000
2012-11-18 00:00,43.28,70.79,0.01,3.03,21.81,0.0000,0.0000
2012-11-19 00:00,38.66,74.47,0.01,1.61,21.81,0.0000,0.0006
2012-11-20 00:00,34.80,71.64,0.00,0.55,21.78,0.0000,0.0000
2012-11-21 00:00,31.55,69.09,0.00,1.52,21.70,0.0000,0.0000
2012-11-22 00:00,29.79,68.53,0.08,1.67,22.27,0.0001,0.0026
2012-11-23 00:00,30.16,69.09,0.14,2.80,23.25,0.0001,0.0071
2012-11-24 00:00,32.45,64.85,0.00,0.26,23.24,0.0000,0.0000
2012-11-25 00:00,35.63,63.15,0.06,0.88,23.65,0.0000,0.0031
2012-11-26 00:00,38.30,52.95,0.00,0.01,23.65,0.0000,0.0000
2012-11-27 00:00,39.35,35.68,0.01,0.93,23.66,0.0000,0.0004
2012-11-28 00:00,38.53,52.95,0.00,0.16,23.64,0.0000,0.0000
2012-11-29 00:00,36.29,69.66,0.00,0.41,23.62,0.0000,0.0000
2012-11-30 00:00,33.29,64.00,0.00,1.41,23.54,0.0000,0.0000
2012-12-01 00:00,30.08,67.39,0.00,0.61,23.50,0.0000,0.0000
2012-12-02 00:00,26.99,71.92,0.00,0.33,23.47,0.0000,0.0000
2012-12-03 00:00,24.19,78.15,0.00,0.05,23.48,0.0000,0.0000
2012-12-04 00:00,21.70,77.87,0.00,1.62,23.38,0.0000,0.0000
2012-12-05 00:00,19.50,60.60,0.00,2.20,23.24,0.0000,0.0000
2012-12-06 00:00,17.63,63.71,0.05,3.42,23.22,0.0000,0.0002
2012-12-07 00:00,16.02,73.06,0.00,0.06,23.22,0.0000,0.0000
2012-12-08 00:00,14.57,59.18,0.00,1.36,23.14,0.0000,0.0000
2012-12-09 00:00,18.80,62.86,0.23,0.97,25.35,0.0002,0.0127
2012-12-10 00:00,25.94,37.66,0.06,0.45,25.89,0.0001,0.0046
2012-12-11 00:00,32.68,37.94,0.00,0.34,25.87,0.0000,0.0000
2012-12-12 00:00,37.08,42.48,0.00,0.35,25.84,0.0000,0.0000
2012-12-13 00:00,38.66,47.86,0.02,0.23,25.99,0.0000,0.0010
2012-12-14 00:00,37.99,53.24,0.00,0.04,25.99,0.0000,0.0000
2012-12-15 00:00,47.65,73.91,0.36,0.24,29.48,0.0004,0.0249
2012-12-16 00:00,63.77,82.97,0.09,0.45,30.24,0.0001,0.0062
2012-12-17 00:00,77.20,82.40,0.00,0.02,30.24,0.0000,0.0000
2012-12-18 00:00,83.22,84.10,0.00,0.00,30.24,0.0000,0.0000
2012-12-19 00:00,81.94,83.53,0.00,0.23,30.22,0.0000,0.0000
2012-12-20 00:00,76.13,77.59,0.01,0.66,30.24,0.0000,0.0006
2012-12-21 00:00,68.73,65.70,0.00,0.47,30.20,0.0000,0.0000
2012-12-22 00:00,61.50,56.92,0.00,0.01,30.20,0.0000,0.0000
2012-12-23 00:00,55.05,53.24,0.00,0.00,30.20,0.0000,0.0000
2012-12-24 00:00,49.39,47.29,0.00,0.62,30.16,0.0000,0.0000
2012-12-25 00:00,44.40,43.04,0.00,0.02,30.16,0.0000,0.0000
2012-12-26 00:00,39.94,48.14,0.00,0.10,30.15,0.0000,0.0000
2012-12-27 00:00,35.94,50.12,0.00,0.04,30.15,0.0000,0.0000
2012-12-28 00:00,32.39,47.86,0.00,0.40,30.13,0.0000,0.0000
2012-12-29 00:00,29.22,49.55,0.00,0.01,30.13,0.0000,0.0000
2012-12-30 00:00,26.36,50.12,0.00,0.00,30.13,0.0000,0.0000
2012-12-31 00:00,23.79,47.86,0.00,0.33,30.10,0.0000,0.0000
2013-01-01 00:00,21.47,51.54,0.00,0.00,30.10,0.0000,0.0000
2013-01-02 00:00,19.37,46.16,0.00,0.12,30.09,0.0000,0.0000
2013-01-03 00:00,17.49,45.59,0.00,0.30,30.07,0.0000,0.0000
2013-01-04 00:00,15.79,45.59,0.00,0.02,30.06,0.0000,0.0000
2013-01-05 00:00,14.27,49.55,0.00,0.00,30.06,0.0000,0.0000
2013-01-06 00:00,12.89,53.52,0.00,0.08,30.06,0.0000,0.0000
2013-01-07 00:00,11.65,47.86,0.00,0.59,30.01,0.0000,0.0000
2013-01-08 00:00,10.53,50.12,0.00,0.03,30.01,0.0000,0.0000
2013-01-09 00:00,9.52,52.39,0.00,0.55,29.97,0.0000,0.0000
2013-01-10 00:00,8.80,50.69,0.01,0.97,29.94,0.0000,0.0002
2013-01-11 00:00,15.29,50.97,0.29,1.50,32.40,0.0003,0.0223
2013-01-12 00:00,24.78,58.62,0.01,1.55,32.30,0.0000,0.0001
2013-01-13 00:00,33.54,59.47,0.00,0.18,32.29,0.0000,0.0000
2013-01-14 00:00,39.11,60.03,0.00,0.01,32.29,0.0000,0.0000
2013-01-15 00:00,40.96,56.35,0.00,0.06,32.28,0.0000,0.0000
2013-01-16 00:00,40.46,50.69,0.03,0.28,32.47,0.0000,0.0020
2013-01-17 00:00,38.92,51.25,0.00,0.00,32.47,0.0000,0.0000
2013-01-18 00:00,38.90,50.97,0.07,0.52,32.96,0.0001,0.0053
2013-01-19 00:00,39.21,51.25,0.00,0.66,32.92,0.0000,0.0000
2013-01-20 00:00,39.03,48.70,0.00,0.71,32.85,0.0000,0.0000
2013-01-21 00:00,37.86,44.74,0.00,0.24,32.83,0.0000,0.0000
2013-01-22 00:00,35.68,43.32,0.00,0.08,32.82,0.0000,0.0000
2013-01-23 00:00,32.82,40.78,0.00,0.12,32.81,0.0000,0.0000
2013-01-24 00:00,29.72,41.06,0.00,0.13,32.80,0.0000,0.0000
2013-01-25 00:00,27.28,41.91,0.05,0.93,33.10,0.0000,0.0037
2013-01-26 00:00,26.01,45.59,0.00,0.06,33.09,0.0000,0.0000
2013-01-27 00:00,29.19,45.31,0.09,0.59,33.76,0.0001,0.0068
2013-01-28 00:00,35.22,46.16,0.11,0.77,34.56,0.0001,0.0093
2013-01-29 00:00,42.20,45.87,0.01,1.38,34.53,0.0000,0.0004
2013-01-30 00:00,47.66,48.70,0.00,0.48,34.48,0.0000,0.0000
2013-01-31 00:00,49.77,51.25,0.00,0.23,34.46,0.0000,0.0000
2013-02-01 00:00,48.50,49.84,0.00,0.02,34.46,0.0000,0.0000
2013-02-02 00:00,45.57,49.84,0.01,0.08,34.50,0.0000,0.0004
2013-02-03 00:00,41.49,48.42,0.00,0.13,34.49,0.0000,0.0000
2013-02-04 00:00,37.18,48.14,0.00,0.05,34.49,0.0000,0.0000
2013-02-05 00:00,34.61,48.14,0.07,0.74,34.96,0.0001,0.0056
2013-02-06 00:00,39.48,46.44,0.14,0.02,36.18,0.0002,0.0132
2013-02-07 00:00,47.52,48.70,0.00,1.04,36.10,0.0000,0.0000
2013-02-08 00:00,53.95,48.70,0.00,0.01,36.10,0.0000,0.0000
2013-02-09 00:00,56.12,48.42,0.00,0.90,36.02,0.0000,0.0000
2013-02-10 00:00,74.63,51.25,0.45,0.29,39.75,0.0005,0.0447
2013-02-11 00:00,97.89,52.10,0.01,1.84,39.64,0.0000,0.0001
2013-02-12 00:00,115.29,50.40,0.00,1.39,39.50,0.0000,0.0000
2013-02-13 00:00,121.47,50.97,0.00,1.10,39.40,0.0000,0.0001
2013-02-14 00:00,119.72,54.09,0.02,1.27,39.44,0.0000,0.0014
2013-02-15 00:00,111.36,52.10,0.00,0.87,39.35,0.0000,0.0000
2013-02-16 00:00,100.21,51.25,0.00,0.67,39.29,0.0000,0.0000
2013-02-17 00:00,89.10,54.37,0.00,0.50,39.23,0.0000,0.0000
2013-02-18 00:00,79.25,54.93,0.01,1.10,39.17,0.0000,0.0002
2013-02-19 00:00,70.86,52.10,0.00,0.71,39.12,0.0000,0.0001
2013-02-20 00:00,63.68,52.10,0.00,0.41,39.07,0.0000,0.0000
2013-02-21 00:00,57.38,52.95,0.00,0.54,39.01,0.0000,0.0000
2013-02-22 00:00,62.43,53.24,0.25,1.07,40.90,0.0003,0.0252
2013-02-23 00:00,72.51,53.24,0.00,1.37,40.77,0.0000,0.0000
2013-02-24 00:00,80.68,53.24,0.00,1.78,40.59,0.0000,0.0000
2013-02-25 00:00,83.09,53.80,0.00,1.19,40.45,0.0000,0.0000
2013-02-26 00:00,80.05,53.24,0.00,0.77,40.37,0.0000,0.0000
2013-02-27 00:00,73.83,54.09,0.00,1.58,40.22,0.0000,0.0000
2013-02-28 00:00,66.58,54.93,0.00,1.93,40.01,0.0000,0.0000
2013-03-01 00:00,59.55,53.52,0.00,1.84,39.82,0.0000,0.0000
2013-03-02 00:00,53.23,53.52,0.00,1.21,39.70,0.0000,0.0000
2013-03-03 00:00,47.68,53.52,0.00,1.52,39.55,0.0000,0.0000
2013-03-04 00:00,45.42,55.22,0.06,1.33,39.88,0.0000,0.0041
2013-03-05 00:00,62.15,54.93,0.35,1.12,42.56,0.0004,0.0366
2013-03-06 00:00,82.96,52.10,0.00,1.67,42.37,0.0000,0.0000
2013-03-07 00:00,97.79,55.22,0.00,1.49,42.21,0.0000,0.0000
2013-03-08 00:00,102.61,54.93,0.00,1.30,42.07,0.0000,0.0000
2013-03-09 00:00,120.71,56.35,0.40,0.77,45.04,0.0004,0.0443
2013-03-10 00:00,142.28,59.75,0.03,1.83,45.03,0.0000,0.0007
2013-03-11 00:00,156.28,58.05,0.01,2.39,44.79,0.0000,0.0000
2013-03-12 00:00,157.90,60.60,0.01,1.49,44.67,0.0000,0.0002
2013-03-13 00:00,149.38,60.31,0.00,2.02,44.46,0.0000,0.0000
2013-03-14 00:00,136.75,60.60,0.02,2.35,44.32,0.0000,0.0008
2013-03-15 00:00,131.56,61.45,0.15,1.90,45.22,0.0001,0.0129
2013-03-16 00:00,133.74,58.90,0.15,2.20,46.03,0.0001,0.0143
2013-03-17 00:00,137.13,58.05,0.00,1.39,45.89,0.0000,0.0000
2013-03-18 00:00,151.00,56.63,0.26,1.44,47.56,0.0003,0.0296
2013-03-19 00:00,166.26,58.33,0.03,1.36,47.56,0.0000,0.0019
2013-03-20 00:00,173.87,56.07,0.00,1.36,47.40,0.0000,0.0000
2013-03-21 00:00,170.57,54.65,0.00,1.33,47.25,0.0000,0.0000
2013-03-22 00:00,158.93,54.93,0.00,1.97,47.02,0.0000,0.0000
2013-03-23 00:00,143.46,57.77,0.00,3.17,46.61,0.0000,0.0000
2013-03-24 00:00,127.69,59.18,0.00,2.02,46.37,0.0000,0.0000
2013-03-25 00:00,113.34,62.58,0.00,2.37,46.09,0.0000,0.0000
2013-03-26 00:00,100.89,64.28,0.00,3.17,45.72,0.0000,0.0000
2013-03-27 00:00,90.16,61.73,0.00,4.43,45.19,0.0000,0.0000
2013-03-28 00:00,80.84,64.00,0.00,5.16,44.58,0.0000,0.0000
2013-03-29 00:00,72.66,71.36,0.00,2.20,44.33,0.0000,0.0000
2013-03-30 00:00,89.80,74.19,0.42,2.22,47.14,0.0004,0.0470
2013-03-31 00:00,112.17,101.94,0.02,4.54,46.70,0.0000,0.0000
2013-04-01 00:00,127.58,123.18,0.00,3.15,46.33,0.0000,0.0000
2013-04-02 00:00,131.79,145.55,0.00,3.46,45.91,0.0000,0.0000
2013-04-03 00:00,126.75,139.04,0.00,4.07,45.43,0.0000,0.0000
2013-04-04 00:00,116.63,148.10,0.00,5.44,44.81,0.0000,0.0000
2013-04-05 00:00,104.99,155.18,0.01,3.72,44.41,0.0000,0.0000
2013-04-06 00:00,115.29,161.12,0.42,1.84,47.18,0.0004,0.0483
2013-04-07 00:00,133.45,172.45,0.01,6.73,46.41,0.0000,0.0000
2013-04-08 00:00,199.93,173.87,0.68,3.51,50.58,0.0007,0.0828
2013-04-09 00:00,260.12,188.31,0.00,3.82,50.10,0.0000,0.0000
2013-04-10 00:00,294.93,214.08,0.00,6.05,49.32,0.0000,0.0000
2013-04-11 00:00,333.08,201.62,0.39,2.00,51.79,0.0004,0.0467
2013-04-12 00:00,368.54,184.63,0.28,3.84,53.13,0.0002,0.0296
2013-04-13 00:00,383.54,169.90,0.04,5.67,52.63,0.0000,0.0000
2013-04-14 00:00,400.41,164.80,0.27,2.85,54.03,0.0002,0.0307
2013-04-15 00:00,404.73,161.69,0.20,3.60,54.79,0.0001,0.0196
2013-04-16 00:00,396.89,152.63,0.00,5.54,54.02,0.0000,0.0000
2013-04-17 00:00,377.13,156.88,0.00,1.39,53.82,0.0000,0.0000
2013-04-18 00:00,410.36,157.44,0.67,1.01,57.76,0.0007,0.0977
2013-04-19 00:00,490.33,164.80,0.55,3.13,60.47,0.0006,0.0793
2013-04-20 00:00,566.30,152.63,0.00,7.31,59.32,0.0000,0.0000
2013-04-21 00:00,607.34,153.19,0.12,1.86,59.79,0.0001,0.0132
2013-04-22 00:00,601.39,161.12,0.13,5.26,59.92,0.0000,0.0056
2013-04-23 00:00,584.15,173.02,0.39,5.18,61.42,0.0003,0.0510
2013-04-24 00:00,564.32,184.63,0.06,4.54,61.19,0.0000,0.0009
2013-04-25 00:00,539.12,205.30,0.00,6.29,60.21,0.0000,0.0000
2013-04-26 00:00,505.95,230.78,0.14,8.00,59.99,0.0001,0.0082
2013-04-27 00:00,466.97,274.11,0.00,14.31,57.79,0.0000,0.0000
2013-04-28 00:00,425.36,345.47,0.02,8.56,56.71,0.0000,0.0000
2013-04-29 00:00,383.93,419.09,0.06,12.60,55.34,0.0000,0.0012
2013-04-30 00:00,344.91,492.71,0.01,10.46,53.94,0.0000,0.0000
2013-05-01 00:00,323.22,538.02,0.22,4.38,54.67,0.0002,0.0238
2013-05-02 00:00,323.92,540.85,0.36,6.33,55.76,0.0003,0.0529
2013-05-03 00:00,348.67,515.37,0.19,4.07,56.34,0.0001,0.0214
2013-05-04 00:00,386.55,472.89,0.18,2.93,57.05,0.0001,0.0201
2013-05-05 00:00,411.81,421.92,0.01,5.60,56.37,0.0000,0.0003
2013-05-06 00:00,410.93,376.61,0.00,15.44,54.13,0.0000,0.0000
2013-05-07 00:00,386.49,336.97,0.00,17.80,51.64,0.0000,0.0000
2013-05-08 00:00,349.69,305.82,0.03,12.68,50.19,0.0000,0.0001
2013-05-09 00:00,320.53,286.00,0.27,5.11,51.34,0.0002,0.0237
2013-05-10 00:00,301.37,268.73,0.00,15.05,49.34,0.0000,0.0000
2013-05-11 00:00,284.58,255.70,0.03,9.94,48.30,0.0000,0.0000
2013-05-12 00:00,264.83,242.68,0.00,14.71,46.50,0.0000,0.0000
2013-05-13 00:00,241.95,223.14,0.02,8.85,45.51,0.0000,0.0000
2013-05-14 00:00,218.16,205.86,0.00,16.13,43.63,0.0000,0.0000
2013-05-15 00:00,195.52,194.25,0.00,20.07,41.37,0.0000,0.0000
2013-05-16 00:00,175.04,180.66,0.00,21.82,39.05,0.0000,0.0000
2013-05-17 00:00,156.90,165.37,0.00,17.69,37.24,0.0000,0.0000
2013-05-18 00:00,159.54,162.54,0.73,14.04,40.82,0.0005,0.0522
2013-05-19 00:00,199.95,162.82,0.36,8.71,42.57,0.0003,0.0237
2013-05-20 00:00,256.46,180.10,0.74,15.15,45.96,0.0005,0.0557
2013-05-21 00:00,335.99,209.54,0.57,8.45,48.70,0.0005,0.0563
2013-05-22 00:00,406.61,260.51,0.15,2.96,49.35,0.0001,0.0124
2013-05-23 00:00,445.85,314.32,0.00,15.06,47.47,0.0000,0.0000
2013-05-24 00:00,446.66,345.47,0.00,18.23,45.20,0.0000,0.0000
2013-05-25 00:00,419.06,351.13,0.03,15.82,43.52,0.0000,0.0009
2013-05-26 00:00,377.26,334.14,0.00,13.42,41.97,0.0000,0.0000
2013-05-27 00:00,333.20,305.82,0.00,10.26,40.86,0.0000,0.0000
2013-05-28 00:00,293.41,283.17,0.01,9.07,39.92,0.0000,0.0000
2013-05-29 00:00,259.81,250.60,0.07,17.86,38.41,0.0000,0.0008
2013-05-30 00:00,244.42,238.71,0.56,14.14,40.74,0.0003,0.0326
2013-05-31 00:00,251.39,228.52,0.45,20.62,41.37,0.0002,0.0166
2013-06-01 00:00,265.92,250.89,0.21,13.79,41.22,0.0001,0.0077
2013-06-02 00:00,271.98,264.76,0.00,17.97,39.31,0.0000,0.0000
2013-06-03 00:00,263.64,262.21,0.00,16.93,37.57,0.0000,0.0000
2013-06-04 00:00,244.85,243.81,0.14,15.60,36.81,0.0000,0.0013
2013-06-05 00:00,286.52,236.16,1.25,4.22,45.99,0.0013,0.1338
2013-06-06 00:00,355.55,257.68,0.04,6.65,45.45,0.0000,0.0035
2013-06-07 00:00,407.93,286.00,0.00,11.95,44.04,0.0000,0.0000
2013-06-08 00:00,421.79,297.33,0.00,17.88,42.02,0.0000,0.0000
2013-06-09 00:00,437.90,291.66,0.57,1.64,46.18,0.0006,0.0637
2013-06-10 00:00,451.04,286.00,0.02,18.25,44.12,0.0000,0.0000
2013-06-11 00:00,446.32,311.49,0.00,20.20,41.78,0.0000,0.0000
2013-06-12 00:00,420.60,325.64,0.02,10.78,40.70,0.0000,0.0001
2013-06-13 00:00,381.91,305.82,0.00,21.14,38.47,0.0000,0.0000
2013-06-14 00:00,340.33,265.90,0.00,20.98,36.40,0.0000,0.0000
2013-06-15 00:00,311.13,232.20,0.23,14.91,36.53,0.0002,0.0153
2013-06-16 00:00,285.78,209.83,0.01,22.84,34.44,0.0000,0.0000
2013-06-17 00:00,266.06,187.74,0.04,21.01,32.76,0.0000,0.0004
2013-06-18 00:00,245.06,165.37,0.00,20.54,31.01,0.0000,0.0000
2013-06-19 00:00,222.99,153.19,0.00,21.47,29.29,0.0000,0.0000
2013-06-20 00:00,209.56,141.87,0.58,17.28,31.89,0.0004,0.0393
2013-06-21 00:00,298.62,149.51,2.00,16.66,45.63,0.0019,0.1814
2013-06-22 00:00,435.65,228.52,0.10,12.15,44.72,0.0000,0.0004
2013-06-23 00:00,558.81,365.29,0.39,11.20,46.10,0.0002,0.0231
2013-06-24 00:00,612.07,470.06,0.00,22.99,43.34,0.0000,0.0000
2013-06-25 00:00,596.96,523.86,0.00,23.50,40.70,0.0000,0.0000
2013-06-26 00:00,558.36,495.54,0.48,20.69,41.67,0.0003,0.0306
2013-06-27 00:00,519.41,438.91,0.03,24.00,39.26,0.0000,0.0000
2013-06-28 00:00,482.14,390.77,0.26,16.43,39.19,0.0001,0.0070
2013-06-29 00:00,464.70,376.61,0.47,18.83,40.50,0.0003,0.0240
2013-06-30 00:00,444.02,348.30,0.00,24.14,37.96,0.0000,0.0000
2013-07-01 00:00,413.15,311.49,0.00,24.73,35.54,0.0000,0.0000
2013-07-02 00:00,375.27,269.01,0.00,22.77,33.43,0.0000,0.0000
2013-07-03 00:00,336.29,239.84,0.00,26.04,31.18,0.0000,0.0000
2013-07-04 00:00,300.10,209.54,0.00,23.19,29.30,0.0000,0.0000
2013-07-05 00:00,268.04,187.46,0.00,22.19,27.62,0.0000,0.0000
2013-07-06 00:00,240.02,170.18,0.04,13.02,26.81,0.0000,0.0000
2013-07-07 00:00,217.10,150.36,0.26,22.02,26.73,0.0001,0.0075
2013-07-08 00:00,201.51,142.72,0.24,19.73,26.64,0.0001,0.0062
2013-07-09 00:00,199.33,135.64,0.35,13.15,27.80,0.0001,0.0084
2013-07-10 00:00,194.00,128.28,0.01,20.74,26.35,0.0000,0.0000
2013-07-11 00:00,183.53,123.46,0.00,24.42,24.69,0.0000,0.0000
2013-07-12 00:00,169.41,115.82,0.00,22.55,23.25,0.0000,0.0000
2013-07-13 00:00,157.21,109.30,0.24,18.92,23.52,0.0001,0.0068
2013-07-14 00:00,147.29,107.60,0.03,16.17,22.61,0.0000,0.0000
2013-07-15 00:00,136.99,105.91,0.01,23.27,21.28,0.0000,0.0001
2013-07-16 00:00,125.31,99.96,0.01,25.43,19.91,0.0000,0.0000
2013-07-17 00:00,113.10,101.37,0.00,23.84,18.68,0.0000,0.0000
2013-07-18 00:00,101.47,90.05,0.00,25.47,17.44,0.0000,0.0000
2013-07-19 00:00,90.97,88.91,0.06,23.66,16.50,0.0000,0.0000
2013-07-20 00:00,81.67,80.42,0.01,18.68,15.72,0.0000,0.0000
2013-07-21 00:00,73.43,73.62,0.00,19.95,14.90,0.0000,0.0000
2013-07-22 00:00,66.10,67.39,0.01,13.05,14.43,0.0000,0.0000
2013-07-23 00:00,59.55,69.38,0.00,19.50,13.70,0.0000,0.0000
2013-07-24 00:00,53.67,67.39,0.00,18.26,13.05,0.0000,0.0000
2013-07-25 00:00,48.41,66.83,0.06,19.61,12.52,0.0000,0.0001
2013-07-26 00:00,45.23,65.13,0.17,6.23,13.37,0.0001,0.0034
2013-07-27 00:00,43.18,59.75,0.17,6.63,13.96,0.0001,0.0023
2013-07-28 00:00,41.89,60.31,0.01,14.23,13.49,0.0000,0.0000
2013-07-29 00:00,40.79,60.60,0.00,18.34,12.86,0.0000,0.0000
2013-07-30 00:00,39.17,62.58,0.04,12.09,12.52,0.0000,0.0000
2013-07-31 00:00,36.71,61.73,0.04,20.19,11.97,0.0000,0.0001
2013-08-01 00:00,33.74,59.75,0.00,20.08,11.35,0.0000,0.0000
2013-08-02 00:00,30.62,57.48,0.01,19.70,10.79,0.0000,0.0000
2013-08-03 00:00,27.61,54.65,0.00,15.35,10.35,0.0000,0.0000
2013-08-04 00:00,24.84,55.78,0.00,17.53,9.88,0.0000,0.0000
2013-08-05 00:00,23.19,53.52,0.33,11.31,11.54,0.0002,0.0054
2013-08-06 00:00,24.17,56.92,0.21,18.02,11.95,0.0001,0.0023
2013-08-07 00:00,28.39,64.85,0.31,17.63,12.90,0.0001,0.0035
2013-08-08 00:00,32.64,63.43,0.01,19.75,12.26,0.0000,0.0000
2013-08-09 00:00,34.53,60.88,0.00,16.42,11.74,0.0000,0.0000
2013-08-10 00:00,33.86,65.13,0.00,14.48,11.32,0.0000,0.0000
2013-08-11 00:00,31.58,64.28,0.00,17.85,10.79,0.0000,0.0000
2013-08-12 00:00,28.70,57.77,0.07,16.92,10.43,0.0000,0.0000
2013-08-13 00:00,25.80,53.52,0.00,15.46,10.02,0.0000,0.0000
2013-08-14 00:00,23.13,52.10,0.00,14.39,9.64,0.0000,0.0000
2013-08-15 00:00,20.75,49.27,0.00,17.69,9.21,0.0000,0.0000
2013-08-16 00:00,18.65,48.42,0.00,18.25,8.77,0.0000,0.0000
2013-08-17 00:00,16.78,48.42,0.00,18.28,8.36,0.0000,0.0000
2013-08-18 00:00,15.12,46.44,0.00,18.32,7.96,0.0000,0.0000
2013-08-19 00:00,13.64,45.59,0.01,19.63,7.58,0.0000,0.0000
2013-08-20 00:00,12.32,45.02,0.00,20.40,7.18,0.0000,0.0000
2013-08-21 00:00,11.13,45.87,0.01,17.48,6.87,0.0000,0.0000
2013-08-22 00:00,10.06,45.59,0.00,22.28,6.48,0.0000,0.0000
2013-08-23 00:00,9.10,44.17,0.00,18.44,6.17,0.0000,0.0000
2013-08-24 00:00,8.23,39.64,0.01,18.81,5.88,0.0000,0.0000
2013-08-25 00:00,7.44,44.17,0.00,22.67,5.53,0.0000,0.0000
2013-08-26 00:00,7.28,43.32,0.30,19.30,7.69,0.0002,0.0082
2013-08-27 00:00,11.47,44.46,0.66,18.87,12.51,0.0005,0.0244
2013-08-28 00:00,23.08,44.17,0.00,14.53,12.07,0.0000,0.0000
2013-08-29 00:00,40.44,56.35,0.27,15.34,13.17,0.0001,0.0078
2013-08-30 00:00,58.34,62.86,0.16,14.68,13.35,0.0000,0.0013
2013-08-31 00:00,71.07,60.03,0.01,16.93,12.79,0.0000,0.0000
2013-09-01 00:00,76.73,64.85,0.13,7.62,13.24,0.0001,0.0029
2013-09-02 00:00,76.66,62.86,0.00,13.58,12.78,0.0000,0.0000
2013-09-03 00:00,72.95,65.98,0.00,13.35,12.33,0.0000,0.0000
2013-09-04 00:00,67.26,62.30,0.00,14.47,11.87,0.0000,0.0000
2013-09-05 00:00,60.80,53.24,0.00,13.65,11.46,0.0000,0.0000
2013-09-06 00:00,54.41,50.12,0.00,18.20,10.94,0.0000,0.0000
2013-09-07 00:00,48.53,52.67,0.00,18.45,10.43,0.0000,0.0000
2013-09-08 00:00,43.50,47.57,0.12,6.47,10.86,0.0000,0.0006
2013-09-09 00:00,40.14,49.84,0.23,7.90,12.03,0.0001,0.0044
2013-09-10 00:00,38.55,50.97,0.04,12.70,11.72,0.0000,0.0000
2013-09-11 00:00,37.70,52.39,0.00,15.49,11.27,0.0000,0.0000
2013-09-12 00:00,36.43,51.25,0.01,14.02,10.91,0.0000,0.0000
2013-09-13 00:00,34.30,48.70,0.00,11.13,10.61,0.0000,0.0000
2013-09-14 00:00,33.24,50.12,0.33,8.64,13.09,0.0002,0.0048
2013-09-15 00:00,37.98,57.77,0.46,5.26,17.29,0.0004,0.0140
2013-09-16 00:00,45.23,56.92,0.00,9.07,16.88,0.0000,0.0000
2013-09-17 00:00,51.08,51.82,0.00,9.75,16.46,0.0000,0.0000
2013-09-18 00:00,53.37,53.24,0.01,6.62,16.21,0.0000,0.0000
2013-09-19 00:00,69.63,61.45,0.63,3.38,22.29,0.0007,0.0312
2013-09-20 00:00,85.88,68.53,0.07,4.52,22.42,0.0000,0.0014
2013-09-21 00:00,95.24,70.23,0.00,8.42,21.93,0.0000,0.0000
2013-09-22 00:00,97.32,71.36,0.00,9.06,21.42,0.0000,0.0000
2013-09-23 00:00,93.76,72.49,0.00,10.09,20.86,0.0000,0.0000
2013-09-24 00:00,86.75,65.13,0.00,8.85,20.38,0.0000,0.0000
2013-09-25 00:00,78.38,58.05,0.00,9.04,19.91,0.0000,0.0000
2013-09-26 00:00,70.07,57.20,0.00,10.04,19.39,0.0000,0.0000
2013-09-27 00:00,62.49,58.05,0.02,11.58,18.86,0.0000,0.0000
2013-09-28 00:00,59.19,57.20,0.26,5.17,20.62,0.0002,0.0087
2013-09-29 00:00,58.33,57.48,0.00,9.28,20.13,0.0000,0.0000
2013-09-30 00:00,57.73,57.20,0.00,12.03,19.51,0.0000,0.0000
2013-10-01 00:00,55.94,57.48,0.00,12.56,18.87,0.0000,0.0000
2013-10-02 00:00,53.61,56.63,0.19,11.32,19.27,0.0001,0.0028
2013-10-03 00:00,74.83,57.48,0.99,4.98,28.49,0.0010,0.0581
2013-10-04 00:00,107.69,61.16,0.01,4.31,28.23,0.0000,0.0002
2013-10-05 00:00,164.65,80.42,0.64,2.07,33.93,0.0007,0.0497
2013-10-06 00:00,222.56,84.67,0.26,1.75,35.92,0.0003,0.0222
2013-10-07 00:00,261.18,103.07,0.01,6.05,35.40,0.0000,0.0000
2013-10-08 00:00,272.94,105.91,0.00,8.24,34.65,0.0000,0.0000
2013-10-09 00:00,262.20,109.02,0.00,10.13,33.73,0.0000,0.0000
2013-10-10 00:00,238.95,108.17,0.00,7.87,33.06,0.0000,0.0000
2013-10-11 00:00,212.20,105.06,0.00,9.49,32.26,0.0000,0.0000
2013-10-12 00:00,187.84,104.21,0.07,5.75,32.20,0.0000,0.0022
2013-10-13 00:00,167.61,91.46,0.00,5.63,31.74,0.0000,0.0000
2013-10-14 00:00,152.79,85.52,0.06,0.86,32.16,0.0001,0.0039
2013-10-15 00:00,214.76,83.53,1.42,0.93,44.00,0.0016,0.1437
2013-10-16 00:00,305.63,97.98,0.11,4.97,44.13,0.0000,0.0052
2013-10-17 00:00,374.09,120.63,0.06,1.81,44.38,0.0000,0.0048
2013-10-18 00:00,401.61,138.19,0.15,4.64,44.87,0.0001,0.0083
2013-10-19 00:00,400.53,143.85,0.15,2.40,45.62,0.0001,0.0130
2013-10-20 00:00,393.84,143.00,0.15,0.07,46.73,0.0002,0.0187
2013-10-21 00:00,381.31,143.57,0.04,2.69,46.67,0.0000,0.0021
2013-10-22 00:00,360.04,144.98,0.00,3.66,46.24,0.0000,0.0000
2013-10-23 00:00,331.25,144.42,0.02,3.34,45.98,0.0000,0.0003
2013-10-24 00:00,299.02,139.32,0.00,2.93,45.63,0.0000,0.0000
2013-10-25 00:00,267.22,133.66,0.00,3.31,45.25,0.0000,0.0000
2013-10-26 00:00,238.11,130.26,0.00,3.21,44.88,0.0000,0.0000
2013-10-27 00:00,212.43,124.59,0.00,3.85,44.44,0.0000,0.0000
2013-10-28 00:00,190.02,120.06,0.00,2.92,44.09,0.0000,0.0000
2013-10-29 00:00,171.66,115.53,0.05,1.61,44.26,0.0000,0.0027
2013-10-30 00:00,157.20,116.10,0.05,1.78,44.39,0.0000,0.0028
2013-10-31 00:00,147.26,113.83,0.06,1.06,44.69,0.0000,0.0052
2013-11-01 00:00,140.45,108.74,0.05,2.62,44.74,0.0000,0.0027
2013-11-02 00:00,134.03,112.13,0.00,2.79,44.42,0.0000,0.0000
2013-11-03 00:00,126.00,103.92,0.00,3.28,44.05,0.0000,0.0000
2013-11-04 00:00,125.09,109.30,0.20,1.40,45.37,0.0002,0.0217
2013-11-05 00:00,133.81,106.75,0.07,1.57,45.74,0.0001,0.0054
2013-11-06 00:00,165.27,107.32,0.42,2.85,48.37,0.0004,0.0463
2013-11-07 00:00,196.35,107.89,0.00,1.78,48.16,0.0000,0.0000
2013-11-08 00:00,217.92,106.19,0.08,0.40,48.72,0.0001,0.0093
2013-11-09 00:00,229.24,107.60,0.10,1.97,49.15,0.0001,0.0084
2013-11-10 00:00,225.09,107.89,0.00,2.07,48.90,0.0000,0.0000
2013-11-11 00:00,210.45,110.44,0.02,2.49,48.76,0.0000,0.0010
2013-11-12 00:00,191.19,95.71,0.00,2.48,48.46,0.0000,0.0000
2013-11-13 00:00,171.35,95.71,0.00,3.97,47.96,0.0000,0.0000
2013-11-14 00:00,152.88,95.99,0.00,1.55,47.76,0.0000,0.0000
2013-11-15 00:00,136.41,97.69,0.00,1.04,47.64,0.0000,0.0000
2013-11-16 00:00,129.58,94.01,0.14,0.31,48.61,0.0002,0.0181
2013-11-17 00:00,128.36,97.13,0.01,0.98,48.56,0.0000,0.0006
2013-11-18 00:00,127.26,96.56,0.00,3.43,48.13,0.0000,0.0000
2013-11-19 00:00,122.85,97.13,0.00,3.34,47.71,0.0000,0.0000
2013-11-20 00:00,114.84,95.99,0.00,4.48,47.16,0.0000,0.0000
2013-11-21 00:00,104.93,94.01,0.02,1.23,47.13,0.0000,0.0002
2013-11-22 00:00,97.06,93.73,0.05,1.49,47.30,0.0000,0.0035
2013-11-23 00:00,89.58,64.00,0.00,1.45,47.14,0.0000,0.0000
2013-11-24 00:00,82.17,50.69,0.00,1.72,46.95,0.0000,0.0000
2013-11-25 00:00,75.99,51.82,0.04,3.23,46.81,0.0000,0.0014
2013-11-26 00:00,69.83,65.13,0.02,2.70,46.60,0.0000,0.0001
2013-11-27 00:00,68.85,69.66,0.13,0.50,47.46,0.0001,0.0154
2013-11-28 00:00,78.03,64.85,0.12,0.85,48.18,0.0001,0.0137
2013-11-29 00:00,90.90,62.30,0.00,0.44,48.13,0.0000,0.0000
2013-11-30 00:00,99.02,74.47,0.00,1.21,47.98,0.0000,0.0000
2013-12-01 00:00,99.10,74.19,0.00,0.26,47.94,0.0000,0.0000
2013-12-02 00:00,108.95,79.29,0.27,0.05,49.85,0.0003,0.0352
2013-12-03 00:00,152.01,78.44,0.41,0.66,52.46,0.0005,0.0556
2013-12-04 00:00,260.17,73.06,0.67,0.44,56.58,0.0008,0.0976
2013-12-05 00:00,368.71,64.56,0.07,0.84,56.86,0.0001,0.0086
2013-12-06 00:00,432.76,51.54,0.00,0.09,56.85,0.0000,0.0000
2013-12-07 00:00,442.24,54.37,0.00,0.00,56.85,0.0000,0.0000
2013-12-08 00:00,413.98,58.90,0.01,0.03,56.88,0.0000,0.0010
2013-12-09 00:00,377.24,58.62,0.08,0.04,57.31,0.0001,0.0118
2013-12-10 00:00,342.51,59.47,0.02,0.33,57.38,0.0000,0.0019
2013-12-11 00:00,310.88,65.98,0.00,0.00,57.38,0.0000,0.0000
2013-12-12 00:00,281.47,64.56,0.01,0.37,57.39,0.0000,0.0005
2013-12-13 00:00,257.45,67.11,0.06,0.39,57.68,0.0001,0.0083
2013-12-14 00:00,245.74,67.68,0.10,0.33,58.23,0.0001,0.0152
2013-12-15 00:00,238.68,69.09,0.00,0.00,58.23,0.0000,0.0000
2013-12-16 00:00,238.92,69.09,0.13,0.11,58.96,0.0002,0.0211
2013-12-17 00:00,241.24,69.09,0.06,0.64,59.20,0.0001,0.0076
2013-12-18 00:00,239.60,67.96,0.00,0.16,59.18,0.0000,0.0000
2013-12-19 00:00,230.87,69.09,0.01,0.00,59.27,0.0000,0.0023
2013-12-20 00:00,225.54,66.54,0.12,0.29,59.89,0.0001,0.0176
2013-12-21 00:00,219.97,70.23,0.01,0.01,59.97,0.0000,0.0022
2013-12-22 00:00,215.76,70.23,0.07,0.31,60.29,0.0001,0.0097
2013-12-23 00:00,211.32,68.24,0.05,0.50,60.48,0.0000,0.0069
2013-12-24 00:00,207.55,65.41,0.03,0.05,60.64,0.0000,0.0045
2013-12-25 00:00,211.65,64.28,0.13,0.37,61.30,0.0001,0.0207
2013-12-26 00:00,214.37,65.98,0.01,0.05,61.36,0.0000,0.0017
2013-12-27 00:00,209.97,64.56,0.00,0.24,61.31,0.0000,0.0000
2013-12-28 00:00,197.66,65.70,0.00,0.08,61.29,0.0000,0.0000
2013-12-29 00:00,180.43,67.68,0.00,0.20,61.30,0.0000,0.0006
2013-12-30 00:00,162.19,66.54,0.00,0.00,61.31,0.0000,0.0001
2013-12-31 00:00,144.93,66.54,0.00,0.00,61.31,0.0000,0.0000
