wm,b,im,ke,fc,iwu,under,leaki,th,isu,alpha,beta,alpha0,nsce,nsce/2
175.552750,17.590416,0.129913,0.012524,93.144569,24.999861,1.136570,0.648157,5.505593,0.000009,0.495132,0.161987,0.558400,-3.757039,-1.878520
26.531448,3.206500,0.069716,0.614142,65.120102,24.999609,1.542907,0.725907,4.281123,0.000001,2.196612,0.650197,1.438672,-1.094824,-0.547412
70.386948,2.108460,0.082467,0.098854,82.526443,24.999693,1.018042,0.978249,5.688059,0.000002,1.155097,0.057077,1.763295,-0.898581,-0.449290
58.353687,15.327145,0.490130,0.859892,33.223568,24.999630,0.738277,0.339737,5.912624,0.000004,1.027788,0.432293,1.000467,-0.868122,-0.434061
90.210159,19.418983,0.165121,0.690443,134.875443,24.999002,2.467891,0.407029,4.990659,0.000010,1.176469,0.544164,0.222332,-0.859591,-0.429796
187.577454,19.418985,0.334744,0.690444,134.875443,24.999002,2.467891,0.826514,3.426762,0.000009,1.176471,0.544164,0.222332,-0.853812,-0.426906
105.156960,8.077981,0.030582,0.773804,16.599524,24.999762,2.020046,0.855538,7.186059,0.000003,1.907932,0.471544,3.915156,-0.835867,-0.417933
105.156960,8.077981,0.030582,0.773804,16.599524,24.999762,2.020046,0.855538,7.186059,0.000003,1.907932,0.471544,3.915156,-0.835867,-0.417933
113.789719,5.525109,0.287709,0.937467,80.739296,24.999937,0.934673,0.711715,4.343020,0.000000,2.073654,0.239884,3.019723,-0.834742,-0.417371
220.188126,11.303057,0.263030,0.985867,36.693714,24.999382,1.725739,0.285887,2.324338,0.000007,0.859799,0.080898,4.394257,-0.825389,-0.412695
62.259525,0.655088,0.265362,0.809322,89.728485,24.999937,0.075034,0.464064,3.260028,0.000001,0.709510,0.024397,3.036811,-0.820723,-0.410362
71.995964,4.121484,0.065449,0.422522,63.865219,24.999760,1.512149,0.647560,6.352033,0.000000,0.096205,0.810953,4.357679,-0.815137,-0.407569
71.995964,4.121484,0.065449,0.422522,63.865219,24.999760,1.512149,0.647560,6.352033,0.000000,0.096205,0.810953,4.357679,-0.815137,-0.407569
125.018799,6.808555,0.263032,0.985868,36.693714,24.999754,1.725739,0.285886,2.324338,0.000006,0.859800,0.080897,3.611475,-0.814821,-0.407410
125.018799,6.808555,0.263032,0.985868,36.693714,24.999754,1.725739,0.285886,2.324338,0.000006,0.859800,0.080897,3.611475,-0.814821,-0.407410
218.245850,11.475698,0.497787,0.455703,84.375061,24.999075,0.395631,0.628334,9.822883,0.000004,1.467989,0.027937,2.045603,-0.813258,-0.406629
218.245850,11.475698,0.497787,0.455703,84.375061,24.999075,0.395631,0.628334,9.822883,0.000004,1.467989,0.027937,2.045603,-0.813258,-0.406629
197.816223,9.531464,0.403399,0.501334,2.368389,24.999771,0.174378,0.924622,9.602410,0.000003,2.610477,0.885448,1.983788,-0.810683,-0.405341
90.248787,0.839033,0.314917,0.310919,102.620636,24.999685,0.723735,0.408595,1.173661,0.000005,0.106964,0.353572,1.459615,-0.809152,-0.404576
90.248787,0.839033,0.314917,0.310919,102.620636,24.999685,0.723735,0.408595,1.173661,0.000005,0.106964,0.353572,1.459615,-0.809152,-0.404576
125.018799,10.562090,0.382180,0.750736,36.693714,24.999752,2.433629,0.285886,3.333951,0.000008,0.859801,0.080897,3.410579,-0.807008,-0.403504
79.816650,5.674422,0.099518,0.697496,148.838318,24.999289,2.823577,0.494805,3.050284,0.000006,1.773210,0.273066,4.787734,-0.806592,-0.403296
114.586662,11.643945,0.137039,0.627554,11.363130,24.999445,2.174416,0.396757,4.200962,0.000007,2.526047,0.549946,3.060405,-0.800911,-0.400456
173.993347,14.779740,0.351965,0.462757,26.789669,24.999449,0.751319,0.321287,9.800639,0.000002,2.064727,0.270520,2.539799,-0.795604,-0.397802
249.376877,10.486362,0.248986,0.328824,142.238159,24.999876,2.642771,0.930849,8.890157,0.000001,2.276881,0.672508,3.108007,-0.790507,-0.395253
79.816650,5.674424,0.188924,0.697497,77.290054,24.999378,2.823579,0.519466,3.050285,0.000007,1.773209,0.822622,4.787734,-0.789250,-0.394625
79.816650,5.674424,0.188924,0.697497,77.290054,24.999378,2.823579,0.519466,3.050285,0.000007,1.773209,0.822622,4.787734,-0.789250,-0.394625
150.708023,7.617501,0.378333,0.410905,84.607254,24.999153,2.185977,0.824362,7.852040,0.000007,2.946437,0.815057,1.852492,-0.788461,-0.394231
125.018799,10.562088,0.114215,0.418252,36.693714,24.999754,2.433629,0.285887,3.333952,0.000009,0.859802,0.080896,3.015535,-0.784359,-0.392179
85.779961,9.164062,0.048069,0.634145,6.249658,24.999548,2.728702,0.110375,3.118171,0.000008,2.787675,0.510488,1.789059,-0.783616,-0.391808
85.779961,9.164062,0.048069,0.634145,6.249658,24.999548,2.728702,0.110375,3.118171,0.000008,2.787675,0.510488,1.789059,-0.783616,-0.391808
85.779961,9.164062,0.048069,0.634145,6.249658,24.999548,2.728702,0.110375,3.118171,0.000008,2.787675,0.510488,1.789059,-0.783616,-0.391808
85.779961,9.164062,0.048069,0.634145,6.249658,24.999548,2.728702,0.110375,3.118171,0.000008,2.787675,0.510488,1.789059,-0.783616,-0.391808
85.779961,9.164062,0.048069,0.634145,6.249658,24.999548,2.728702,0.110375,3.118171,0.000008,2.787675,0.510488,1.789059,-0.783616,-0.391808
118.005753,7.155932,0.299320,0.304817,121.353149,24.999308,2.953894,0.859788,3.042473,0.000008,2.737211,0.965938,1.852491,-0.783034,-0.391517
125.018799,10.562085,0.146099,0.418252,15.260338,24.999752,0.678677,0.285886,3.499497,0.000006,0.859805,0.572207,3.015536,-0.781981,-0.390990
125.018799,10.562086,0.114216,0.418253,15.260338,24.999752,0.329007,0.285887,3.333952,0.000004,0.859803,0.572207,3.015534,-0.781707,-0.390854
118.374397,7.040411,0.466831,0.357411,29.171736,24.999504,1.018690,0.086884,1.012229,0.000001,0.012676,0.582471,1.702202,-0.774995,-0.387497
151.413361,10.646884,0.459656,0.348087,72.890320,24.999868,1.434157,0.195742,2.797337,0.000009,1.569203,0.010814,3.537693,-0.770633,-0.385317
126.885155,8.170595,0.271399,0.372330,109.028534,24.999931,2.762917,0.221025,3.126474,0.000010,2.370456,0.272725,3.091551,-0.769667,-0.384834
126.885155,8.170595,0.271399,0.372330,109.028534,24.999931,2.762917,0.221025,3.126474,0.000010,2.370456,0.272725,3.091551,-0.769667,-0.384834
126.885155,8.170594,0.326899,0.372329,109.028534,24.999933,2.762917,0.221025,8.448992,0.000009,2.370457,0.272723,2.408504,-0.769498,-0.384749
126.885155,12.865778,0.326899,0.372330,109.028534,24.999933,2.762918,0.221025,8.448991,0.000008,2.400686,0.200131,2.408504,-0.767706,-0.383853
126.885155,12.865778,0.326899,0.372330,109.028534,24.999933,2.762918,0.221025,8.448991,0.000008,2.400686,0.200131,2.408504,-0.767706,-0.383853
126.885155,12.865778,0.326899,0.372330,109.028534,24.999933,2.762918,0.221025,8.448991,0.000008,2.400686,0.200131,2.408504,-0.767706,-0.383853
126.885155,12.865778,0.326899,0.372330,109.028534,24.999933,2.762918,0.221025,8.448991,0.000008,2.400686,0.200131,2.408504,-0.767706,-0.383853
126.885155,12.865778,0.326899,0.372330,109.028534,24.999933,2.762918,0.221025,8.448991,0.000008,2.400686,0.200131,2.408504,-0.767706,-0.383853
235.156235,16.716650,0.456455,0.292125,46.453308,24.999228,1.380344,0.046916,1.026265,0.000002,1.609886,0.762814,3.217473,-0.767312,-0.383656
235.156235,16.716650,0.456455,0.292125,46.453308,24.999228,1.380344,0.046916,1.026265,0.000002,1.609886,0.762814,3.217473,-0.767312,-0.383656
235.156235,16.716650,0.456455,0.292125,46.453308,24.999228,1.380344,0.046916,1.026265,0.000002,1.609886,0.762814,3.217473,-0.767312,-0.383656
126.885155,8.170597,0.271399,0.372328,109.028534,24.999929,2.853647,0.128453,3.126474,0.000009,1.288128,0.272723,3.091550,-0.765100,-0.382550
166.123993,0.824343,0.218669,0.156435,118.039215,24.999527,0.597989,0.614474,3.507800,0.000005,0.017936,0.334445,3.500395,-0.761838,-0.380919
52.649422,2.398100,0.145070,0.484488,14.772760,24.999973,1.895557,0.092035,8.675545,0.000008,0.233619,0.605428,2.371317,-0.756230,-0.378115
52.649422,2.398100,0.145070,0.484488,14.772760,24.999973,1.895557,0.092035,8.675545,0.000008,0.233619,0.605428,2.371317,-0.756230,-0.378115
195.966370,15.052845,0.370346,0.229123,15.606104,24.999510,2.049678,0.629782,3.251605,0.000008,2.988055,0.179751,3.580227,-0.755320,-0.377660
23.107277,2.419927,0.237195,0.525823,1.713648,24.999905,2.875442,0.176589,7.031530,0.000007,1.877460,0.974397,1.920119,-0.753276,-0.376638
23.107277,2.419927,0.237195,0.525823,1.713648,24.999905,2.875442,0.176589,7.031530,0.000007,1.877460,0.974397,1.920119,-0.753276,-0.376638
64.125885,6.712311,0.329228,0.195785,137.936691,24.999882,1.112211,0.399204,9.384680,0.000003,2.250395,0.143630,1.833839,-0.751140,-0.375570
64.125885,6.712311,0.329228,0.195785,137.936691,24.999882,1.112211,0.399204,9.384680,0.000003,2.250395,0.143630,1.833839,-0.751140,-0.375570
42.725342,1.510984,0.184146,0.565164,10.909429,24.999958,2.101571,0.044390,9.598730,0.000008,0.178341,0.623157,2.378346,-0.748847,-0.374424
42.725342,1.510984,0.184146,0.565164,10.909429,24.999958,2.101571,0.044390,9.598730,0.000008,0.178341,0.623157,2.378346,-0.748847,-0.374424
42.725342,1.510984,0.184146,0.565164,10.909429,24.999958,2.101571,0.044390,9.598730,0.000008,0.178341,0.623157,2.378346,-0.748847,-0.374424
10.979058,7.155932,0.299321,0.304817,101.313293,24.999538,2.573511,0.990109,5.844685,0.000009,2.737214,0.965937,0.617503,-0.746668,-0.373334
10.979058,7.155932,0.299321,0.304817,101.313293,24.999538,2.573511,0.990109,5.844685,0.000009,2.737214,0.965937,0.617503,-0.746668,-0.373334
30.941345,4.940420,0.239119,0.577875,54.964489,24.999264,2.412629,0.013410,9.477949,0.000008,1.119848,0.169348,1.599322,-0.713748,-0.356874
40.573708,5.190187,0.081867,0.503693,40.767593,24.999273,0.083626,0.229923,8.347654,0.000001,1.739086,0.895529,4.540848,-0.713531,-0.356765
40.573708,5.190187,0.081867,0.503693,40.767593,24.999273,0.083626,0.229923,8.347654,0.000001,1.739086,0.895529,4.540848,-0.713531,-0.356765
40.573708,5.190187,0.081867,0.503693,40.767593,24.999273,0.083626,0.229923,8.347654,0.000001,1.739086,0.895529,4.540848,-0.713531,-0.356765
40.573708,5.190187,0.081867,0.503693,40.767593,24.999273,0.083626,0.229923,8.347654,0.000001,1.739086,0.895529,4.540848,-0.713531,-0.356765
40.573708,5.190187,0.081867,0.503693,40.767593,24.999273,0.083626,0.229923,8.347654,0.000001,1.739086,0.895529,4.540848,-0.713531,-0.356765
77.200790,9.692554,0.092561,0.349938,24.639757,24.999060,0.192001,0.045973,6.496301,0.000002,1.434223,0.975878,3.741176,-0.709902,-0.354951
77.200790,9.692554,0.092561,0.349938,24.639757,24.999060,0.192001,0.045973,6.496301,0.000002,1.434223,0.975878,3.741176,-0.709902,-0.354951
77.200790,9.692554,0.092561,0.349938,24.639757,24.999060,0.192001,0.045973,6.496301,0.000002,1.434223,0.975878,3.741176,-0.709902,-0.354951
166.123993,9.568619,0.445572,0.156436,118.039215,24.999231,0.597990,0.597286,3.507800,0.000006,0.017935,0.334447,3.500395,-0.703320,-0.351660
166.123993,9.568619,0.445572,0.156436,118.039215,24.999231,0.597990,0.597286,3.507800,0.000006,0.017935,0.334447,3.500395,-0.703320,-0.351660
166.123993,9.568619,0.445572,0.156436,118.039215,24.999231,0.597990,0.597286,3.507800,0.000006,0.017935,0.334447,3.500395,-0.703320,-0.351660
30.941345,4.892359,0.239118,0.577876,101.779373,24.999266,2.412630,0.013411,9.477948,0.000007,1.967593,0.973792,1.599322,-0.699977,-0.349988
30.941345,4.892359,0.239118,0.577876,101.779373,24.999266,2.412630,0.013411,9.477948,0.000007,1.967593,0.973792,1.599322,-0.699977,-0.349988
30.941345,4.892359,0.239118,0.577877,123.515381,24.999264,1.957468,0.013413,8.028419,0.000001,1.967593,0.973792,4.635901,-0.699851,-0.349926
30.941345,4.892359,0.239118,0.577877,123.515381,24.999264,1.957468,0.013413,8.028419,0.000001,1.967593,0.973792,4.635901,-0.699851,-0.349926
30.941345,4.892359,0.239118,0.577877,123.515381,24.999264,1.957468,0.013413,8.028419,0.000001,1.967593,0.973792,4.635901,-0.699851,-0.349926
166.123993,9.568618,0.445572,0.156437,118.039215,24.999231,0.170297,0.597285,3.507800,0.000004,0.017937,0.334445,4.318026,-0.691011,-0.345506
166.123993,9.568618,0.445572,0.156437,118.039215,24.999231,0.170297,0.597285,3.507800,0.000004,0.017937,0.334445,4.318026,-0.691011,-0.345506
166.123993,9.568618,0.445572,0.156437,118.039215,24.999231,0.170297,0.597285,3.507800,0.000004,0.017937,0.334445,4.318026,-0.691011,-0.345506
166.123993,9.568618,0.445572,0.156437,118.039215,24.999231,0.170297,0.597285,3.507800,0.000004,0.017937,0.334445,4.318026,-0.691011,-0.345506
166.123993,9.568618,0.445572,0.156437,118.039215,24.999231,0.170297,0.597285,3.507800,0.000004,0.017937,0.334445,4.318026,-0.691011,-0.345506
30.941345,4.892358,0.239118,0.577876,57.244308,24.999855,1.303941,0.013411,8.981359,0.000001,1.967592,0.611199,4.635900,-0.689460,-0.344730
30.941345,4.892358,0.239118,0.577876,57.244308,24.999855,1.303941,0.013411,8.981359,0.000001,1.967592,0.611199,4.635900,-0.689460,-0.344730
30.941345,4.892358,0.239118,0.577876,57.244308,24.999855,1.303941,0.013411,8.981359,0.000001,1.967592,0.611199,4.635900,-0.689460,-0.344730
30.941345,4.892358,0.239118,0.577876,57.244308,24.999855,1.303941,0.013411,8.981359,0.000001,1.967592,0.611199,4.635900,-0.689460,-0.344730
30.941345,4.892358,0.239118,0.577876,57.244308,24.999855,1.303941,0.013411,8.981359,0.000001,1.967592,0.611199,4.635900,-0.689460,-0.344730
13.077835,6.249588,0.364628,0.193309,134.337891,24.999815,0.223636,0.119422,9.706704,0.000001,1.379714,0.551475,2.367859,-0.653596,-0.326798
13.077835,6.249588,0.364628,0.193309,134.337891,24.999815,0.223636,0.119422,9.706704,0.000001,1.379714,0.551475,2.367859,-0.653596,-0.326798
13.077835,6.249588,0.364628,0.193309,134.337891,24.999815,0.223636,0.119422,9.706704,0.000001,1.379714,0.551475,2.367859,-0.653596,-0.326798
13.077835,6.249588,0.364628,0.193309,134.337891,24.999815,0.223636,0.119422,9.706704,0.000001,1.379714,0.551475,2.367859,-0.653596,-0.326798
13.077835,6.249588,0.364628,0.193309,134.337891,24.999815,0.223636,0.119422,9.706704,0.000001,1.379714,0.551475,2.367859,-0.653596,-0.326798
13.077835,6.249588,0.364628,0.193309,134.337891,24.999815,0.223636,0.119422,9.706704,0.000001,1.379714,0.551475,2.367859,-0.653596,-0.326798
13.077835,6.249588,0.364628,0.193309,134.337891,24.999815,0.223636,0.119422,9.706704,0.000001,1.379714,0.551475,2.367859,-0.653596,-0.326798
132.989746,8.483794,0.429142,0.128054,66.182838,24.999308,1.028596,0.724860,4.708960,0.000001,1.467067,0.847099,0.958325,-0.651222,-0.325611
132.989746,8.483794,0.429142,0.128054,66.182838,24.999308,1.028596,0.724860,4.708960,0.000001,1.467067,0.847099,0.958325,-0.651222,-0.325611
132.989746,8.483794,0.429142,0.128054,66.182838,24.999308,1.028596,0.724860,4.708960,0.000001,1.467067,0.847099,0.958325,-0.651222,-0.325611
178.077698,11.029140,0.476370,0.125965,113.687546,24.999128,0.509208,0.816572,4.385532,0.000004,0.749631,0.356537,4.890675,-0.646911,-0.323456
178.077698,11.029140,0.476370,0.125965,113.687546,24.999128,0.509208,0.816572,4.385532,0.000004,0.749631,0.356537,4.890675,-0.646911,-0.323456
178.077698,11.029140,0.476370,0.125965,113.687546,24.999128,0.509208,0.816572,4.385532,0.000004,0.749631,0.356537,4.890675,-0.646911,-0.323456
178.077698,11.029140,0.476370,0.125965,113.687546,24.999128,0.509208,0.816572,4.385532,0.000004,0.749631,0.356537,4.890675,-0.646911,-0.323456
178.077698,11.029140,0.476370,0.125965,113.687546,24.999128,0.509208,0.816572,4.385532,0.000004,0.749631,0.356537,4.890675,-0.646911,-0.323456
126.537598,4.989844,0.415180,0.110987,50.398560,24.999557,0.504795,0.793962,4.979431,0.000003,1.451681,0.627938,2.486958,-0.637712,-0.318856
35.644547,4.959636,0.139550,0.319109,125.413544,24.999580,1.230906,0.015609,9.514634,0.000002,0.947736,0.727164,2.638758,-0.629043,-0.314522
102.009384,2.513557,0.069489,0.135228,86.536774,24.999619,2.093753,0.726672,8.903244,0.000003,2.179699,0.889847,2.040817,-0.620741,-0.310370
102.009384,2.513557,0.069489,0.135228,86.536774,24.999619,2.093753,0.726672,8.903244,0.000003,2.179699,0.889847,2.040817,-0.620741,-0.310370
102.009384,2.513557,0.069489,0.135228,86.536774,24.999619,2.093753,0.726672,8.903244,0.000003,2.179699,0.889847,2.040817,-0.620741,-0.310370
102.009384,2.513557,0.069489,0.135228,86.536774,24.999619,2.093753,0.726672,8.903244,0.000003,2.179699,0.889847,2.040817,-0.620741,-0.310370
102.009384,2.513557,0.069489,0.135228,86.536774,24.999619,2.093753,0.726672,8.903244,0.000003,2.179699,0.889847,2.040817,-0.620741,-0.310370
34.838631,3.431590,0.133984,0.154060,113.377075,24.999390,1.955994,0.843959,8.619621,0.000001,2.776469,0.923158,1.727735,-0.610307,-0.305154
34.838631,3.431590,0.133984,0.154060,113.377075,24.999390,1.955994,0.843959,8.619621,0.000001,2.776469,0.923158,1.727735,-0.610307,-0.305154
34.838631,3.431590,0.133984,0.154060,113.377075,24.999390,1.955994,0.843959,8.619621,0.000001,2.776469,0.923158,1.727735,-0.610307,-0.305154
34.838631,3.431590,0.133984,0.154060,113.377075,24.999390,1.955994,0.843959,8.619621,0.000001,2.776469,0.923158,1.727735,-0.610307,-0.305154
34.838631,3.431590,0.133984,0.154060,113.377075,24.999390,1.955994,0.843959,8.619621,0.000001,2.776469,0.923158,1.727735,-0.610307,-0.305154
34.838631,3.431590,0.133984,0.154060,113.377075,24.999390,1.955994,0.843959,8.619621,0.000001,2.776469,0.923158,1.727735,-0.610307,-0.305154
34.838631,3.431590,0.133984,0.154060,113.377075,24.999390,1.955994,0.843959,8.619621,0.000001,2.776469,0.923158,1.727735,-0.610307,-0.305154
20.406702,5.753227,0.136140,0.204230,67.613503,24.999914,0.502359,0.207045,8.789390,0.000004,0.905827,0.812444,4.316136,-0.604707,-0.302354
20.406702,5.753227,0.136140,0.204230,67.613503,24.999914,0.502359,0.207045,8.789390,0.000004,0.905827,0.812444,4.316136,-0.604707,-0.302354
20.406702,5.753227,0.136140,0.204230,67.613503,24.999914,0.502359,0.207045,8.789390,0.000004,0.905827,0.812444,4.316136,-0.604707,-0.302354
10.979056,7.155931,0.032573,0.204431,72.119759,24.999537,0.904943,0.247379,5.844685,0.000001,2.737214,0.965938,0.617504,-0.588736,-0.294368
10.979056,7.155931,0.032573,0.204431,72.119759,24.999537,0.904943,0.247379,5.844685,0.000001,2.737214,0.965938,0.617504,-0.588736,-0.294368
10.979056,7.155931,0.032573,0.204431,72.119759,24.999537,0.904943,0.247379,5.844685,0.000001,2.737214,0.965938,0.617504,-0.588736,-0.294368
10.979056,7.155931,0.032573,0.204431,72.119759,24.999537,0.904943,0.247379,5.844685,0.000001,2.737214,0.965938,0.617504,-0.588736,-0.294368
40.573708,5.374996,0.081866,0.171893,64.964981,24.999271,0.083625,0.195662,1.598994,0.000004,1.739087,0.916369,4.540847,-0.577786,-0.288893
40.573708,5.374996,0.081866,0.171893,64.964981,24.999271,0.083625,0.195662,1.598994,0.000004,1.739087,0.916369,4.540847,-0.577786,-0.288893
40.573708,5.374996,0.081866,0.171893,64.964981,24.999271,0.083625,0.195662,1.598994,0.000004,1.739087,0.916369,4.540847,-0.577786,-0.288893
40.573708,5.374996,0.081866,0.171893,64.964981,24.999271,0.083625,0.195662,1.598994,0.000004,1.739087,0.916369,4.540847,-0.577786,-0.288893
7.428540,3.207088,0.444859,0.415741,103.947960,24.999741,1.642967,0.089232,7.931635,0.000002,2.461883,0.895516,0.388946,-0.566610,-0.283305
7.428540,3.207088,0.444859,0.415741,103.947960,24.999741,1.642967,0.089232,7.931635,0.000002,2.461883,0.895516,0.388946,-0.566610,-0.283305
7.428540,3.207088,0.444859,0.415741,103.947960,24.999741,1.642967,0.089232,7.931635,0.000002,2.461883,0.895516,0.388946,-0.566610,-0.283305
7.428540,3.207088,0.444859,0.415741,103.947960,24.999741,1.642967,0.089232,7.931635,0.000002,2.461883,0.895516,0.388946,-0.566610,-0.283305
7.428540,3.207088,0.444859,0.415741,103.947960,24.999741,1.642967,0.089232,7.931635,0.000002,2.461883,0.895516,0.388946,-0.566610,-0.283305
7.428540,4.120895,0.260655,0.415740,103.947960,24.999739,2.529161,0.089231,8.663901,0.000002,2.461882,0.895516,2.073760,-0.557901,-0.278950
7.428540,4.120895,0.260655,0.415740,103.947960,24.999739,2.529161,0.089231,8.663901,0.000002,2.461882,0.895516,2.073760,-0.557901,-0.278950
7.428540,4.120895,0.260655,0.415740,103.947960,24.999739,2.529161,0.089231,8.663901,0.000002,2.461882,0.895516,2.073760,-0.557901,-0.278950
7.428540,4.120895,0.260655,0.415740,103.947960,24.999739,2.529161,0.089231,8.663901,0.000002,2.461882,0.895516,2.073760,-0.557901,-0.278950
7.428540,4.120895,0.260655,0.415740,103.947960,24.999739,2.529161,0.089231,8.663901,0.000002,2.461882,0.895516,2.073760,-0.557901,-0.278950
7.428540,4.120895,0.260655,0.415740,103.947960,24.999739,2.529161,0.089231,8.663901,0.000002,2.461882,0.895516,2.073760,-0.557901,-0.278950
7.428540,4.120895,0.260655,0.415740,103.947960,24.999739,2.529161,0.089231,8.663901,0.000002,2.461882,0.895516,2.073760,-0.557901,-0.278950
7.428540,4.120895,0.260655,0.415740,103.947960,24.999739,2.529161,0.089231,8.663901,0.000002,2.461882,0.895516,2.073760,-0.557901,-0.278950
7.428540,4.120895,0.260655,0.415740,103.947960,24.999739,2.529161,0.089231,8.663901,0.000002,2.461882,0.895516,2.073760,-0.557901,-0.278950
7.428540,4.120895,0.260655,0.415740,103.947960,24.999739,2.529161,0.089231,8.663901,0.000002,2.461882,0.895516,2.073760,-0.557901,-0.278950
7.428540,4.120895,0.260655,0.415740,103.947960,24.999739,2.529161,0.089231,8.663901,0.000002,2.461882,0.895516,2.073760,-0.557901,-0.278950
7.428540,4.120895,0.260655,0.415740,103.947960,24.999739,2.529161,0.089231,8.663901,0.000002,2.461882,0.895516,2.073760,-0.557901,-0.278950
7.428540,4.120895,0.260655,0.415740,103.947960,24.999739,2.529161,0.089231,8.663901,0.000002,2.461882,0.895516,2.073760,-0.557901,-0.278950
7.428540,4.120895,0.260655,0.415740,103.947960,24.999739,2.529161,0.089231,8.663901,0.000002,2.461882,0.895516,2.073760,-0.557901,-0.278950
7.428540,4.120895,0.260655,0.415740,103.947960,24.999739,2.529161,0.089231,8.663901,0.000002,2.461882,0.895516,2.073760,-0.557901,-0.278950
7.428540,4.120895,0.260655,0.415740,103.947960,24.999739,2.529161,0.089231,8.663901,0.000002,2.461882,0.895516,2.073760,-0.557901,-0.278950
100.779053,12.500196,0.407063,0.046398,1.192898,24.999247,2.411682,0.514818,5.153443,0.000007,1.474122,0.222312,1.739115,-0.550544,-0.275272
100.779053,12.500196,0.407063,0.046398,1.192898,24.999247,2.411682,0.514818,5.153443,0.000007,1.474122,0.222312,1.739115,-0.550544,-0.275272
100.779053,12.500196,0.407063,0.046398,1.192898,24.999247,2.411682,0.514818,5.153443,0.000007,1.474122,0.222312,1.739115,-0.550544,-0.275272
100.779053,12.500196,0.407063,0.046398,1.192898,24.999247,2.411682,0.514818,5.153443,0.000007,1.474122,0.222312,1.739115,-0.550544,-0.275272
100.779053,12.500196,0.407063,0.046398,1.192898,24.999247,2.411682,0.514818,5.153443,0.000007,1.474122,0.222312,1.739115,-0.550544,-0.275272
100.779053,12.500196,0.407063,0.046398,1.192898,24.999247,2.411682,0.514818,5.153443,0.000007,1.474122,0.222312,1.739115,-0.550544,-0.275272
100.779053,12.500196,0.407063,0.046398,1.192898,24.999247,2.411682,0.514818,5.153443,0.000007,1.474122,0.222312,1.739115,-0.550544,-0.275272
100.779053,12.500196,0.407063,0.046398,1.192898,24.999247,2.411682,0.514818,5.153443,0.000007,1.474122,0.222312,1.739115,-0.550544,-0.275272
100.779053,12.500196,0.407063,0.046398,1.192898,24.999247,2.411682,0.514818,5.153443,0.000007,1.474122,0.222312,1.739115,-0.550544,-0.275272
100.779053,12.500196,0.407063,0.046398,1.192898,24.999247,2.411682,0.514818,5.153443,0.000007,1.474122,0.222312,1.739115,-0.550544,-0.275272
100.779053,12.500196,0.407063,0.046398,1.192898,24.999247,2.411682,0.514818,5.153443,0.000007,1.474122,0.222312,1.739115,-0.550544,-0.275272
100.779053,12.500196,0.407063,0.046398,1.192898,24.999247,2.411682,0.514818,5.153443,0.000007,1.474122,0.222312,1.739115,-0.550544,-0.275272
100.779053,12.500196,0.407063,0.046398,1.192898,24.999247,2.411682,0.514818,5.153443,0.000007,1.474122,0.222312,1.739115,-0.550544,-0.275272
96.269051,5.673237,0.233025,0.100992,62.565529,24.999771,1.504324,0.216069,5.823555,0.000003,0.233471,0.840671,1.573373,-0.536323,-0.268161
96.269051,5.673237,0.233025,0.100992,62.565529,24.999771,1.504324,0.216069,5.823555,0.000003,0.233471,0.840671,1.573373,-0.536323,-0.268161
96.269051,5.673237,0.233025,0.100992,62.565529,24.999771,1.504324,0.216069,5.823555,0.000003,0.233471,0.840671,1.573373,-0.536323,-0.268161
96.269051,5.673237,0.233025,0.100992,62.565529,24.999771,1.504324,0.216069,5.823555,0.000003,0.233471,0.840671,1.573373,-0.536323,-0.268161
96.269051,5.673237,0.233025,0.100992,62.565529,24.999771,1.504324,0.216069,5.823555,0.000003,0.233471,0.840671,1.573373,-0.536323,-0.268161
107.323906,14.353193,0.351980,0.079281,46.066345,24.999031,1.327661,0.857929,1.310538,0.000006,1.771268,0.392930,3.546815,-0.517259,-0.258630
66.867836,3.757539,0.178004,0.104922,0.852111,24.999477,0.782122,0.359134,7.284935,0.000005,0.030721,0.634147,4.995221,-0.513424,-0.256712
66.867836,3.757539,0.178004,0.104922,0.852111,24.999477,0.782122,0.359134,7.284935,0.000005,0.030721,0.634147,4.995221,-0.513424,-0.256712
66.867836,3.757539,0.178004,0.104922,0.852111,24.999477,0.782122,0.359134,7.284935,0.000005,0.030721,0.634147,4.995221,-0.513424,-0.256712
66.867836,3.757539,0.178004,0.104922,0.852111,24.999477,0.782122,0.359134,7.284935,0.000005,0.030721,0.634147,4.995221,-0.513424,-0.256712
66.867836,3.757539,0.178004,0.104922,0.852111,24.999477,0.782122,0.359134,7.284935,0.000005,0.030721,0.634147,4.995221,-0.513424,-0.256712
66.867836,3.757539,0.178004,0.104922,0.852111,24.999477,0.782122,0.359134,7.284935,0.000005,0.030721,0.634147,4.995221,-0.513424,-0.256712
66.867836,3.757539,0.178004,0.104922,0.852111,24.999477,0.782122,0.359134,7.284935,0.000005,0.030721,0.634147,4.995221,-0.513424,-0.256712
120.797264,8.149524,0.421283,0.076750,26.427315,24.999710,0.084835,0.283359,1.899743,0.000004,0.514547,0.578761,2.019516,-0.499045,-0.249522
120.797264,8.149524,0.421283,0.076750,26.427315,24.999710,0.084835,0.283359,1.899743,0.000004,0.514547,0.578761,2.019516,-0.499045,-0.249522
74.463142,5.043362,0.055319,0.086846,141.626785,24.999807,1.725278,0.599012,1.371745,0.000004,0.518389,0.876791,4.897974,-0.459348,-0.229674
49.232620,3.823575,0.206380,0.098126,41.570572,24.999901,1.116981,0.111015,6.400869,0.000002,0.400746,0.901257,0.645024,-0.427913,-0.213956
49.232620,3.823575,0.206380,0.098126,41.570572,24.999901,1.116981,0.111015,6.400869,0.000002,0.400746,0.901257,0.645024,-0.427913,-0.213956
49.232620,3.823575,0.206380,0.098126,41.570572,24.999901,1.116981,0.111015,6.400869,0.000002,0.400746,0.901257,0.645024,-0.427913,-0.213956
49.232620,3.823575,0.206380,0.098126,41.570572,24.999901,1.116981,0.111015,6.400869,0.000002,0.400746,0.901257,0.645024,-0.427913,-0.213956
49.707733,4.544857,0.171599,0.129745,80.056427,24.999802,0.140533,0.026461,9.512046,0.000000,0.890336,0.998729,3.919587,-0.409698,-0.204849
49.707733,4.544857,0.171599,0.129745,80.056427,24.999802,0.140533,0.026461,9.512046,0.000000,0.890336,0.998729,3.919587,-0.409698,-0.204849
49.707733,4.544857,0.171599,0.129745,80.056427,24.999802,0.140533,0.026461,9.512046,0.000000,0.890336,0.998729,3.919587,-0.409698,-0.204849
49.707733,4.544857,0.171599,0.129745,80.056427,24.999802,0.140533,0.026461,9.512046,0.000000,0.890336,0.998729,3.919587,-0.409698,-0.204849
49.707733,4.544857,0.171599,0.129745,80.056427,24.999802,0.140533,0.026461,9.512046,0.000000,0.890336,0.998729,3.919587,-0.409698,-0.204849
136.099274,3.825798,0.199618,0.054159,56.682831,24.999819,0.763031,0.635598,1.534669,0.000000,0.269741,0.472560,4.066633,-0.397990,-0.198995
20.113081,6.510600,0.122305,0.171516,111.408592,24.999935,0.961850,0.043920,7.009076,0.000001,1.888464,0.930862,0.023758,-0.391603,-0.195801
20.113081,6.510600,0.122305,0.171516,111.408592,24.999935,0.961850,0.043920,7.009076,0.000001,1.888464,0.930862,0.023758,-0.391603,-0.195801
20.113081,6.510600,0.122305,0.171516,111.408592,24.999935,0.961850,0.043920,7.009076,0.000001,1.888464,0.930862,0.023758,-0.391603,-0.195801
20.113081,6.510600,0.122305,0.171516,111.408592,24.999935,0.961850,0.043920,7.009076,0.000001,1.888464,0.930862,0.023758,-0.391603,-0.195801
20.113081,6.510600,0.122305,0.171516,111.408592,24.999935,0.961850,0.043920,7.009076,0.000001,1.888464,0.930862,0.023758,-0.391603,-0.195801
20.113081,6.510600,0.122305,0.171516,111.408592,24.999935,0.961850,0.043920,7.009076,0.000001,1.888464,0.930862,0.023758,-0.391603,-0.195801
20.113081,6.510600,0.122305,0.171516,111.408592,24.999935,0.961850,0.043920,7.009076,0.000001,1.888464,0.930862,0.023758,-0.391603,-0.195801
20.113081,6.510600,0.122305,0.171516,111.408592,24.999935,0.961850,0.043920,7.009076,0.000001,1.888464,0.930862,0.023758,-0.391603,-0.195801
20.113081,6.510600,0.122305,0.171516,111.408592,24.999935,0.961850,0.043920,7.009076,0.000001,1.888464,0.930862,0.023758,-0.391603,-0.195801
20.113081,6.510600,0.122305,0.171516,111.408592,24.999935,0.961850,0.043920,7.009076,0.000001,1.888464,0.930862,0.023758,-0.391603,-0.195801
20.113081,6.510600,0.122305,0.171516,111.408592,24.999935,0.961850,0.043920,7.009076,0.000001,1.888464,0.930862,0.023758,-0.391603,-0.195801
20.113081,6.510600,0.122305,0.171516,111.408592,24.999935,0.961850,0.043920,7.009076,0.000001,1.888464,0.930862,0.023758,-0.391603,-0.195801
20.113081,6.510600,0.122305,0.171516,111.408592,24.999935,0.961850,0.043920,7.009076,0.000001,1.888464,0.930862,0.023758,-0.391603,-0.195801
20.113081,6.510600,0.122305,0.171516,111.408592,24.999935,0.961850,0.043920,7.009076,0.000001,1.888464,0.930862,0.023758,-0.391603,-0.195801
20.113081,6.510600,0.122305,0.171516,111.408592,24.999935,0.961850,0.043920,7.009076,0.000001,1.888464,0.930862,0.023758,-0.391603,-0.195801
20.113081,6.510600,0.122305,0.171516,111.408592,24.999935,0.961850,0.043920,7.009076,0.000001,1.888464,0.930862,0.023758,-0.391603,-0.195801
20.113081,6.510600,0.122305,0.171516,111.408592,24.999935,0.961850,0.043920,7.009076,0.000001,1.888464,0.930862,0.023758,-0.391603,-0.195801
20.113081,6.510600,0.122305,0.171516,111.408592,24.999935,0.961850,0.043920,7.009076,0.000001,1.888464,0.930862,0.023758,-0.391603,-0.195801
20.113081,6.510600,0.122305,0.171516,111.408592,24.999935,0.961850,0.043920,7.009076,0.000001,1.888464,0.930862,0.023758,-0.391603,-0.195801
20.113081,6.510600,0.122305,0.171516,111.408592,24.999935,0.961850,0.043920,7.009076,0.000001,1.888464,0.930862,0.023758,-0.391603,-0.195801
20.113081,6.510600,0.122305,0.171516,111.408592,24.999935,0.961850,0.043920,7.009076,0.000001,1.888464,0.930862,0.023758,-0.391603,-0.195801
20.113081,6.510600,0.122305,0.171516,111.408592,24.999935,0.961850,0.043920,7.009076,0.000001,1.888464,0.930862,0.023758,-0.391603,-0.195801
20.113081,6.510600,0.122305,0.171516,111.408592,24.999935,0.961850,0.043920,7.009076,0.000001,1.888464,0.930862,0.023758,-0.391603,-0.195801
20.113081,6.510600,0.122305,0.171516,111.408592,24.999935,0.961850,0.043920,7.009076,0.000001,1.888464,0.930862,0.023758,-0.391603,-0.195801
41.496506,5.374996,0.050322,0.108748,136.691101,24.999628,1.041755,0.105617,2.957531,0.000001,1.739087,0.930796,3.420365,-0.381232,-0.190616
41.496506,5.374996,0.050322,0.108748,136.691101,24.999628,1.041755,0.105617,2.957531,0.000001,1.739087,0.930796,3.420365,-0.381232,-0.190616
41.496506,5.374996,0.050322,0.108748,136.691101,24.999628,1.041755,0.105617,2.957531,0.000001,1.739087,0.930796,3.420365,-0.381232,-0.190616
41.496506,5.374996,0.050322,0.108748,136.691101,24.999628,1.041755,0.105617,2.957531,0.000001,1.739087,0.930796,3.420365,-0.381232,-0.190616
41.496506,5.374996,0.050322,0.108748,136.691101,24.999628,1.041755,0.105617,2.957531,0.000001,1.739087,0.930796,3.420365,-0.381232,-0.190616
41.496506,5.374996,0.050322,0.108748,136.691101,24.999628,1.041755,0.105617,2.957531,0.000001,1.739087,0.930796,3.420365,-0.381232,-0.190616
41.496506,5.374996,0.050322,0.108748,136.691101,24.999628,1.041755,0.105617,2.957531,0.000001,1.739087,0.930796,3.420365,-0.381232,-0.190616
74.746643,10.010761,0.264540,0.089277,45.568111,24.999708,0.130448,0.199465,9.365394,0.000002,0.502277,0.712412,4.458438,-0.351407,-0.175704
119.265648,19.418308,0.099699,0.067429,107.553894,24.999624,0.292593,0.119622,1.905894,0.000003,1.345992,0.309958,3.641103,-0.348359,-0.174180
119.265648,19.418308,0.099699,0.067429,107.553894,24.999624,0.292593,0.119622,1.905894,0.000003,1.345992,0.309958,3.641103,-0.348359,-0.174180
119.265648,19.418308,0.099699,0.067429,107.553894,24.999624,0.292593,0.119622,1.905894,0.000003,1.345992,0.309958,3.641103,-0.348359,-0.174180
129.949020,11.082369,0.165391,0.074955,46.304962,24.999643,1.328473,0.048129,6.260285,0.000003,0.013963,0.461924,3.229690,-0.343526,-0.171763
129.949020,11.082369,0.165391,0.074955,46.304962,24.999643,1.328473,0.048129,6.260285,0.000003,0.013963,0.461924,3.229690,-0.343526,-0.171763
129.949020,11.082369,0.165391,0.074955,46.304962,24.999643,1.328473,0.048129,6.260285,0.000003,0.013963,0.461924,3.229690,-0.343526,-0.171763
129.949020,11.082369,0.165391,0.074955,46.304962,24.999643,1.328473,0.048129,6.260285,0.000003,0.013963,0.461924,3.229690,-0.343526,-0.171763
10.440647,1.081344,0.050323,0.108748,136.691101,24.999628,1.041756,0.105616,2.957531,0.000002,0.795572,0.930797,3.420365,-0.318783,-0.159392
156.996902,6.022455,0.252141,0.060040,16.669041,24.999977,1.981753,0.082343,5.083873,0.000004,0.739995,0.173007,2.417348,-0.306790,-0.153395
156.996902,6.022455,0.252141,0.060040,16.669041,24.999977,1.981753,0.082343,5.083873,0.000004,0.739995,0.173007,2.417348,-0.306790,-0.153395
162.800415,17.860502,0.014939,0.048942,18.914555,24.999643,0.898492,0.385372,5.806295,0.000006,0.743727,0.066024,3.961368,-0.296528,-0.148264
90.671227,9.237492,0.471957,0.063745,53.258110,24.999968,0.275491,0.278724,7.984428,0.000001,0.260918,0.810373,3.924326,-0.285058,-0.142529
90.671227,9.237492,0.471957,0.063745,53.258110,24.999968,0.275491,0.278724,7.984428,0.000001,0.260918,0.810373,3.924326,-0.285058,-0.142529
90.671227,9.237492,0.471957,0.063745,53.258110,24.999968,0.275491,0.278724,7.984428,0.000001,0.260918,0.810373,3.924326,-0.285058,-0.142529
90.671227,9.237492,0.471957,0.063745,53.258110,24.999968,0.275491,0.278724,7.984428,0.000001,0.260918,0.810373,3.924326,-0.285058,-0.142529
90.671227,9.237492,0.471957,0.063745,53.258110,24.999968,0.275491,0.278724,7.984428,0.000001,0.260918,0.810373,3.924326,-0.285058,-0.142529
218.414963,12.678487,0.472492,0.019960,131.225464,24.999210,0.215102,0.992067,5.947523,0.000000,1.128502,0.558533,4.798310,-0.270759,-0.135379
25.476076,9.141662,0.090943,0.094535,116.771042,24.999002,0.946490,0.079499,3.980175,0.000002,0.070754,0.845672,4.171875,-0.263794,-0.131897
173.194077,14.401281,0.411924,0.050789,79.599335,24.999027,0.848705,0.989263,5.935878,0.000004,2.643237,0.848621,4.500753,-0.220476,-0.110238
173.194077,14.401281,0.411924,0.050789,79.599335,24.999027,0.848705,0.989263,5.935878,0.000004,2.643237,0.848621,4.500753,-0.220476,-0.110238
173.194077,14.401281,0.411924,0.050789,79.599335,24.999027,0.848705,0.989263,5.935878,0.000004,2.643237,0.848621,4.500753,-0.220476,-0.110238
173.194077,14.401281,0.411924,0.050789,79.599335,24.999027,0.848705,0.989263,5.935878,0.000004,2.643237,0.848621,4.500753,-0.220476,-0.110238
173.194077,14.401281,0.411924,0.050789,79.599335,24.999027,0.848705,0.989263,5.935878,0.000004,2.643237,0.848621,4.500753,-0.220476,-0.110238
173.194077,14.401281,0.411924,0.050789,79.599335,24.999027,0.848705,0.989263,5.935878,0.000004,2.643237,0.848621,4.500753,-0.220476,-0.110238
173.194077,14.401281,0.411924,0.050789,79.599335,24.999027,0.848705,0.989263,5.935878,0.000004,2.643237,0.848621,4.500753,-0.220476,-0.110238
173.194077,14.401281,0.411924,0.050789,79.599335,24.999027,0.848705,0.989263,5.935878,0.000004,2.643237,0.848621,4.500753,-0.220476,-0.110238
173.194077,14.401281,0.411924,0.050789,79.599335,24.999027,0.848705,0.989263,5.935878,0.000004,2.643237,0.848621,4.500753,-0.220476,-0.110238
173.194077,14.401281,0.411924,0.050789,79.599335,24.999027,0.848705,0.989263,5.935878,0.000004,2.643237,0.848621,4.500753,-0.220476,-0.110238
6.840427,2.780276,0.275933,0.111473,74.055367,24.999447,0.243422,0.113310,8.966613,0.000001,0.253002,0.988023,2.982321,-0.200602,-0.100301
6.840427,2.780276,0.275933,0.111473,74.055367,24.999447,0.243422,0.113310,8.966613,0.000001,0.253002,0.988023,2.982321,-0.200602,-0.100301
6.840427,2.780276,0.275933,0.111473,74.055367,24.999447,0.243422,0.113310,8.966613,0.000001,0.253002,0.988023,2.982321,-0.200602,-0.100301
6.840427,2.780276,0.275933,0.111473,74.055367,24.999447,0.243422,0.113310,8.966613,0.000001,0.253002,0.988023,2.982321,-0.200602,-0.100301
6.840427,2.780276,0.275933,0.111473,74.055367,24.999447,0.243422,0.113310,8.966613,0.000001,0.253002,0.988023,2.982321,-0.200602,-0.100301
6.840427,2.780276,0.275933,0.111473,74.055367,24.999447,0.243422,0.113310,8.966613,0.000001,0.253002,0.988023,2.982321,-0.200602,-0.100301
6.840427,2.780276,0.275933,0.111473,74.055367,24.999447,0.243422,0.113310,8.966613,0.000001,0.253002,0.988023,2.982321,-0.200602,-0.100301
6.840427,2.780276,0.275933,0.111473,74.055367,24.999447,0.243422,0.113310,8.966613,0.000001,0.253002,0.988023,2.982321,-0.200602,-0.100301
6.840427,2.780276,0.275933,0.111473,74.055367,24.999447,0.243422,0.113310,8.966613,0.000001,0.253002,0.988023,2.982321,-0.200602,-0.100301
6.840427,2.780276,0.275933,0.111473,74.055367,24.999447,0.243422,0.113310,8.966613,0.000001,0.253002,0.988023,2.982321,-0.200602,-0.100301
6.840427,2.780276,0.275933,0.111473,74.055367,24.999447,0.243422,0.113310,8.966613,0.000001,0.253002,0.988023,2.982321,-0.200602,-0.100301
6.840427,2.780276,0.275933,0.111473,74.055367,24.999447,0.243422,0.113310,8.966613,0.000001,0.253002,0.988023,2.982321,-0.200602,-0.100301
6.840427,2.780276,0.275933,0.111473,74.055367,24.999447,0.243422,0.113310,8.966613,0.000001,0.253002,0.988023,2.982321,-0.200602,-0.100301
6.840427,2.780276,0.275933,0.111473,74.055367,24.999447,0.243422,0.113310,8.966613,0.000001,0.253002,0.988023,2.982321,-0.200602,-0.100301
6.840427,2.780276,0.275933,0.111473,74.055367,24.999447,0.243422,0.113310,8.966613,0.000001,0.253002,0.988023,2.982321,-0.200602,-0.100301
6.840427,2.780276,0.275933,0.111473,74.055367,24.999447,0.243422,0.113310,8.966613,0.000001,0.253002,0.988023,2.982321,-0.200602,-0.100301
6.840427,2.780276,0.275933,0.111473,74.055367,24.999447,0.243422,0.113310,8.966613,0.000001,0.253002,0.988023,2.982321,-0.200602,-0.100301
6.840427,2.780276,0.275933,0.111473,74.055367,24.999447,0.243422,0.113310,8.966613,0.000001,0.253002,0.988023,2.982321,-0.200602,-0.100301
6.840427,2.780276,0.275933,0.111473,74.055367,24.999447,0.243422,0.113310,8.966613,0.000001,0.253002,0.988023,2.982321,-0.200602,-0.100301
6.840427,2.780276,0.275933,0.111473,74.055367,24.999447,0.243422,0.113310,8.966613,0.000001,0.253002,0.988023,2.982321,-0.200602,-0.100301
6.840427,2.780276,0.275933,0.111473,74.055367,24.999447,0.243422,0.113310,8.966613,0.000001,0.253002,0.988023,2.982321,-0.200602,-0.100301
74.995705,11.061913,0.339556,0.052291,115.164459,24.999008,0.081921,0.975651,2.814744,0.000001,2.274040,0.817926,4.584746,-0.188801,-0.094400
74.995705,11.061913,0.339556,0.052291,115.164459,24.999008,0.081921,0.975651,2.814744,0.000001,2.274040,0.817926,4.584746,-0.188801,-0.094400
74.995705,11.061913,0.339556,0.052291,115.164459,24.999008,0.081921,0.975651,2.814744,0.000001,2.274040,0.817926,4.584746,-0.188801,-0.094400
74.995705,11.061913,0.339556,0.052291,115.164459,24.999008,0.081921,0.975651,2.814744,0.000001,2.274040,0.817926,4.584746,-0.188801,-0.094400
182.227692,10.391172,0.479677,0.023683,24.384232,24.999908,0.367036,0.364532,2.896325,0.000004,2.048451,0.496274,1.865154,-0.137410,-0.068705
182.227692,10.391172,0.479677,0.023683,24.384232,24.999908,0.367036,0.364532,2.896325,0.000004,2.048451,0.496274,1.865154,-0.137410,-0.068705
182.227692,10.391172,0.479677,0.023683,24.384232,24.999908,0.367036,0.364532,2.896325,0.000004,2.048451,0.496274,1.865154,-0.137410,-0.068705
182.227692,10.391172,0.479677,0.023683,24.384232,24.999908,0.367036,0.364532,2.896325,0.000004,2.048451,0.496274,1.865154,-0.137410,-0.068705
182.227692,10.391172,0.479677,0.023683,24.384232,24.999908,0.367036,0.364532,2.896325,0.000004,2.048451,0.496274,1.865154,-0.137410,-0.068705
182.227692,10.391172,0.479677,0.023683,24.384232,24.999908,0.367036,0.364532,2.896325,0.000004,2.048451,0.496274,1.865154,-0.137410,-0.068705
182.227692,10.391172,0.479677,0.023683,24.384232,24.999908,0.367036,0.364532,2.896325,0.000004,2.048451,0.496274,1.865154,-0.137410,-0.068705
182.227692,10.391172,0.479677,0.023683,24.384232,24.999908,0.367036,0.364532,2.896325,0.000004,2.048451,0.496274,1.865154,-0.137410,-0.068705
182.227692,10.391172,0.479677,0.023683,24.384232,24.999908,0.367036,0.364532,2.896325,0.000004,2.048451,0.496274,1.865154,-0.137410,-0.068705
182.227692,10.391172,0.479677,0.023683,24.384232,24.999908,0.367036,0.364532,2.896325,0.000004,2.048451,0.496274,1.865154,-0.137410,-0.068705
182.227692,10.391172,0.479677,0.023683,24.384232,24.999908,0.367036,0.364532,2.896325,0.000004,2.048451,0.496274,1.865154,-0.137410,-0.068705
182.227692,10.391172,0.479677,0.023683,24.384232,24.999908,0.367036,0.364532,2.896325,0.000004,2.048451,0.496274,1.865154,-0.137410,-0.068705
182.227692,10.391172,0.479677,0.023683,24.384232,24.999908,0.367036,0.364532,2.896325,0.000004,2.048451,0.496274,1.865154,-0.137410,-0.068705
182.227692,10.391172,0.479677,0.023683,24.384232,24.999908,0.367036,0.364532,2.896325,0.000004,2.048451,0.496274,1.865154,-0.137410,-0.068705
182.227692,10.391172,0.479677,0.023683,24.384232,24.999908,0.367036,0.364532,2.896325,0.000004,2.048451,0.496274,1.865154,-0.137410,-0.068705
182.227692,10.391172,0.479677,0.023683,24.384232,24.999908,0.367036,0.364532,2.896325,0.000004,2.048451,0.496274,1.865154,-0.137410,-0.068705
182.227692,10.391172,0.479677,0.023683,24.384232,24.999908,0.367036,0.364532,2.896325,0.000004,2.048451,0.496274,1.865154,-0.137410,-0.068705
182.227692,10.391172,0.479677,0.023683,24.384232,24.999908,0.367036,0.364532,2.896325,0.000004,2.048451,0.496274,1.865154,-0.137410,-0.068705
182.227692,10.391172,0.479677,0.023683,24.384232,24.999908,0.367036,0.364532,2.896325,0.000004,2.048451,0.496274,1.865154,-0.137410,-0.068705
182.227692,10.391172,0.479677,0.023683,24.384232,24.999908,0.367036,0.364532,2.896325,0.000004,2.048451,0.496274,1.865154,-0.137410,-0.068705
182.227692,10.391172,0.479677,0.023683,24.384232,24.999908,0.367036,0.364532,2.896325,0.000004,2.048451,0.496274,1.865154,-0.137410,-0.068705
182.227692,10.391172,0.479677,0.023683,24.384232,24.999908,0.367036,0.364532,2.896325,0.000004,2.048451,0.496274,1.865154,-0.137410,-0.068705
182.227692,10.391172,0.479677,0.023683,24.384232,24.999908,0.367036,0.364532,2.896325,0.000004,2.048451,0.496274,1.865154,-0.137410,-0.068705
182.227692,10.391172,0.479677,0.023683,24.384232,24.999908,0.367036,0.364532,2.896325,0.000004,2.048451,0.496274,1.865154,-0.137410,-0.068705
182.227692,10.391172,0.479677,0.023683,24.384232,24.999908,0.367036,0.364532,2.896325,0.000004,2.048451,0.496274,1.865154,-0.137410,-0.068705
182.227692,10.391172,0.479677,0.023683,24.384232,24.999908,0.367036,0.364532,2.896325,0.000004,2.048451,0.496274,1.865154,-0.137410,-0.068705
182.227692,10.391172,0.479677,0.023683,24.384232,24.999908,0.367036,0.364532,2.896325,0.000004,2.048451,0.496274,1.865154,-0.137410,-0.068705
71.081009,3.509035,0.350451,0.058801,31.432043,24.999729,0.072666,0.076047,7.539784,0.000002,0.812436,0.697802,1.851346,-0.134882,-0.067441
71.081009,3.509035,0.350451,0.058801,31.432043,24.999729,0.072666,0.076047,7.539784,0.000002,0.812436,0.697802,1.851346,-0.134882,-0.067441
71.081009,3.509035,0.350451,0.058801,31.432043,24.999729,0.072666,0.076047,7.539784,0.000002,0.812436,0.697802,1.851346,-0.134882,-0.067441
71.081009,3.509035,0.350451,0.058801,31.432043,24.999729,0.072666,0.076047,7.539784,0.000002,0.812436,0.697802,1.851346,-0.134882,-0.067441
71.081009,3.509035,0.350451,0.058801,31.432043,24.999729,0.072666,0.076047,7.539784,0.000002,0.812436,0.697802,1.851346,-0.134882,-0.067441
71.081009,3.509035,0.350451,0.058801,31.432043,24.999729,0.072666,0.076047,7.539784,0.000002,0.812436,0.697802,1.851346,-0.134882,-0.067441
85.055962,15.484714,0.126236,0.056141,130.095032,24.999733,1.439449,0.061302,3.962535,0.000003,0.157085,0.845901,4.870086,-0.128935,-0.064467
85.055962,15.484714,0.126236,0.056141,130.095032,24.999733,1.439449,0.061302,3.962535,0.000003,0.157085,0.845901,4.870086,-0.128935,-0.064467
85.055962,15.484714,0.126236,0.056141,130.095032,24.999733,1.439449,0.061302,3.962535,0.000003,0.157085,0.845901,4.870086,-0.128935,-0.064467
176.230591,16.913418,0.231912,0.037699,136.826080,24.999111,0.485313,0.764314,3.341114,0.000000,2.835722,0.817448,2.703825,-0.116057,-0.058028
176.230591,16.913418,0.231912,0.037699,136.826080,24.999111,0.485313,0.764314,3.341114,0.000000,2.835722,0.817448,2.703825,-0.116057,-0.058028
176.230591,16.913418,0.231912,0.037699,136.826080,24.999111,0.485313,0.764314,3.341114,0.000000,2.835722,0.817448,2.703825,-0.116057,-0.058028
176.230591,16.913418,0.231912,0.037699,136.826080,24.999111,0.485313,0.764314,3.341114,0.000000,2.835722,0.817448,2.703825,-0.116057,-0.058028
176.230591,16.913418,0.231912,0.037699,136.826080,24.999111,0.485313,0.764314,3.341114,0.000000,2.835722,0.817448,2.703825,-0.116057,-0.058028
176.230591,16.913418,0.231912,0.037699,136.826080,24.999111,0.485313,0.764314,3.341114,0.000000,2.835722,0.817448,2.703825,-0.116057,-0.058028
126.958656,7.869502,0.352714,0.047387,8.479279,24.999765,2.571698,0.055253,9.074262,0.000005,0.252808,0.299748,2.221933,-0.100792,-0.050396
126.958656,7.869502,0.352714,0.047387,8.479279,24.999765,2.571698,0.055253,9.074262,0.000005,0.252808,0.299748,2.221933,-0.100792,-0.050396
126.958656,7.869502,0.352714,0.047387,8.479279,24.999765,2.571698,0.055253,9.074262,0.000005,0.252808,0.299748,2.221933,-0.100792,-0.050396
224.266113,16.309902,0.415896,0.045791,44.319954,24.999161,1.176221,0.023670,4.825668,0.000000,1.594493,0.833693,2.159359,-0.100487,-0.050243
224.266113,16.309902,0.415896,0.045791,44.319954,24.999161,1.176221,0.023670,4.825668,0.000000,1.594493,0.833693,2.159359,-0.100487,-0.050243
34.901608,7.706305,0.381519,0.033022,121.252243,24.999836,0.476930,0.299457,5.686168,0.000003,0.929935,0.892358,3.625891,-0.095094,-0.047547
34.901608,7.706305,0.381519,0.033022,121.252243,24.999836,0.476930,0.299457,5.686168,0.000003,0.929935,0.892358,3.625891,-0.095094,-0.047547
145.207977,13.615829,0.149512,0.043837,25.076649,24.999949,0.521746,0.153797,8.028202,0.000006,1.841067,0.484782,4.023753,-0.093924,-0.046962
148.722656,18.263880,0.071262,0.043428,104.031052,24.999046,0.046552,0.092283,3.039215,0.000003,1.435276,0.381593,4.350893,-0.057778,-0.028889
202.613907,17.313475,0.120001,0.026730,149.020920,24.999031,2.001426,0.772172,5.452559,0.000001,2.301538,0.792541,2.726707,-0.053618,-0.026809
202.613907,17.313475,0.120001,0.026730,149.020920,24.999031,2.001426,0.772172,5.452559,0.000001,2.301538,0.792541,2.726707,-0.053618,-0.026809
202.613907,17.313475,0.120001,0.026730,149.020920,24.999031,2.001426,0.772172,5.452559,0.000001,2.301538,0.792541,2.726707,-0.053618,-0.026809
31.221142,1.898504,0.208329,0.057394,138.912415,24.999775,0.493626,0.041318,6.954268,0.000003,0.620277,0.874424,2.765781,0.018878,0.009439
118.299744,9.420921,0.228198,0.028381,14.915129,24.999605,1.538341,0.139901,4.272387,0.000007,1.105535,0.314859,1.693890,0.032096,0.016048
118.299744,9.420921,0.228198,0.028381,14.915129,24.999605,1.538341,0.139901,4.272387,0.000007,1.105535,0.314859,1.693890,0.032096,0.016048
118.299744,9.420921,0.228198,0.028381,14.915129,24.999605,1.538341,0.139901,4.272387,0.000007,1.105535,0.314859,1.693890,0.032096,0.016048
118.299744,9.420921,0.228198,0.028381,14.915129,24.999605,1.538341,0.139901,4.272387,0.000007,1.105535,0.314859,1.693890,0.032096,0.016048
118.299744,9.420921,0.228198,0.028381,14.915129,24.999605,1.538341,0.139901,4.272387,0.000007,1.105535,0.314859,1.693890,0.032096,0.016048
118.299744,9.420921,0.228198,0.028381,14.915129,24.999605,1.538341,0.139901,4.272387,0.000007,1.105535,0.314859,1.693890,0.032096,0.016048
118.299744,9.420921,0.228198,0.028381,14.915129,24.999605,1.538341,0.139901,4.272387,0.000007,1.105535,0.314859,1.693890,0.032096,0.016048
118.299744,9.420921,0.228198,0.028381,14.915129,24.999605,1.538341,0.139901,4.272387,0.000007,1.105535,0.314859,1.693890,0.032096,0.016048
118.299744,9.420921,0.228198,0.028381,14.915129,24.999605,1.538341,0.139901,4.272387,0.000007,1.105535,0.314859,1.693890,0.032096,0.016048
113.990097,7.941789,0.197773,0.033021,120.047913,24.999485,0.476929,0.432039,8.654057,0.000001,1.943863,0.892359,4.258068,0.050547,0.025274
113.990097,7.941789,0.197773,0.033021,120.047913,24.999485,0.476929,0.432039,8.654057,0.000001,1.943863,0.892359,4.258068,0.050547,0.025274
113.990097,7.941789,0.197773,0.033021,120.047913,24.999485,0.476929,0.432039,8.654057,0.000001,1.943863,0.892359,4.258068,0.050547,0.025274
113.990097,7.941789,0.197773,0.033021,120.047913,24.999485,0.476929,0.432039,8.654057,0.000001,1.943863,0.892359,4.258068,0.050547,0.025274
113.990097,7.941789,0.197773,0.033021,120.047913,24.999485,0.476929,0.432039,8.654057,0.000001,1.943863,0.892359,4.258068,0.050547,0.025274
113.990097,7.941789,0.197773,0.033021,120.047913,24.999485,0.476929,0.432039,8.654057,0.000001,1.943863,0.892359,4.258068,0.050547,0.025274
113.990097,7.941789,0.197773,0.033021,120.047913,24.999485,0.476929,0.432039,8.654057,0.000001,1.943863,0.892359,4.258068,0.050547,0.025274
113.990097,7.941789,0.197773,0.033021,120.047913,24.999485,0.476929,0.432039,8.654057,0.000001,1.943863,0.892359,4.258068,0.050547,0.025274
113.990097,7.941789,0.197773,0.033021,120.047913,24.999485,0.476929,0.432039,8.654057,0.000001,1.943863,0.892359,4.258068,0.050547,0.025274
113.990097,7.941789,0.197773,0.033021,120.047913,24.999485,0.476929,0.432039,8.654057,0.000001,1.943863,0.892359,4.258068,0.050547,0.025274
113.990097,7.941789,0.197773,0.033021,120.047913,24.999485,0.476929,0.432039,8.654057,0.000001,1.943863,0.892359,4.258068,0.050547,0.025274
113.990097,7.941789,0.197773,0.033021,120.047913,24.999485,0.476929,0.432039,8.654057,0.000001,1.943863,0.892359,4.258068,0.050547,0.025274
27.403612,2.080693,0.153081,0.048414,142.908310,24.999964,1.127199,0.097722,8.133946,0.000002,0.843956,0.982401,0.444992,0.067948,0.033974
27.403612,2.080693,0.153081,0.048414,142.908310,24.999964,1.127199,0.097722,8.133946,0.000002,0.843956,0.982401,0.444992,0.067948,0.033974
27.403612,2.080693,0.153081,0.048414,142.908310,24.999964,1.127199,0.097722,8.133946,0.000002,0.843956,0.982401,0.444992,0.067948,0.033974
27.403612,2.080693,0.153081,0.048414,142.908310,24.999964,1.127199,0.097722,8.133946,0.000002,0.843956,0.982401,0.444992,0.067948,0.033974
27.403612,2.080693,0.153081,0.048414,142.908310,24.999964,1.127199,0.097722,8.133946,0.000002,0.843956,0.982401,0.444992,0.067948,0.033974
27.403612,2.080693,0.153081,0.048414,142.908310,24.999964,1.127199,0.097722,8.133946,0.000002,0.843956,0.982401,0.444992,0.067948,0.033974
27.403612,2.080693,0.153081,0.048414,142.908310,24.999964,1.127199,0.097722,8.133946,0.000002,0.843956,0.982401,0.444992,0.067948,0.033974
27.403612,2.080693,0.153081,0.048414,142.908310,24.999964,1.127199,0.097722,8.133946,0.000002,0.843956,0.982401,0.444992,0.067948,0.033974
27.403612,2.080693,0.153081,0.048414,142.908310,24.999964,1.127199,0.097722,8.133946,0.000002,0.843956,0.982401,0.444992,0.067948,0.033974
27.403612,2.080693,0.153081,0.048414,142.908310,24.999964,1.127199,0.097722,8.133946,0.000002,0.843956,0.982401,0.444992,0.067948,0.033974
27.403612,2.080693,0.153081,0.048414,142.908310,24.999964,1.127199,0.097722,8.133946,0.000002,0.843956,0.982401,0.444992,0.067948,0.033974
27.403612,2.080693,0.153081,0.048414,142.908310,24.999964,1.127199,0.097722,8.133946,0.000002,0.843956,0.982401,0.444992,0.067948,0.033974
27.403612,2.080693,0.153081,0.048414,142.908310,24.999964,1.127199,0.097722,8.133946,0.000002,0.843956,0.982401,0.444992,0.067948,0.033974
27.403612,2.080693,0.153081,0.048414,142.908310,24.999964,1.127199,0.097722,8.133946,0.000002,0.843956,0.982401,0.444992,0.067948,0.033974
27.403612,2.080693,0.153081,0.048414,142.908310,24.999964,1.127199,0.097722,8.133946,0.000002,0.843956,0.982401,0.444992,0.067948,0.033974
27.403612,2.080693,0.153081,0.048414,142.908310,24.999964,1.127199,0.097722,8.133946,0.000002,0.843956,0.982401,0.444992,0.067948,0.033974
27.403612,2.080693,0.153081,0.048414,142.908310,24.999964,1.127199,0.097722,8.133946,0.000002,0.843956,0.982401,0.444992,0.067948,0.033974
27.403612,2.080693,0.153081,0.048414,142.908310,24.999964,1.127199,0.097722,8.133946,0.000002,0.843956,0.982401,0.444992,0.067948,0.033974
27.403612,2.080693,0.153081,0.048414,142.908310,24.999964,1.127199,0.097722,8.133946,0.000002,0.843956,0.982401,0.444992,0.067948,0.033974
27.403612,2.080693,0.153081,0.048414,142.908310,24.999964,1.127199,0.097722,8.133946,0.000002,0.843956,0.982401,0.444992,0.067948,0.033974
27.403612,2.080693,0.153081,0.048414,142.908310,24.999964,1.127199,0.097722,8.133946,0.000002,0.843956,0.982401,0.444992,0.067948,0.033974
27.403612,2.080693,0.153081,0.048414,142.908310,24.999964,1.127199,0.097722,8.133946,0.000002,0.843956,0.982401,0.444992,0.067948,0.033974
27.403612,2.080693,0.153081,0.048414,142.908310,24.999964,1.127199,0.097722,8.133946,0.000002,0.843956,0.982401,0.444992,0.067948,0.033974
27.403612,2.080693,0.153081,0.048414,142.908310,24.999964,1.127199,0.097722,8.133946,0.000002,0.843956,0.982401,0.444992,0.067948,0.033974
27.403612,2.080693,0.153081,0.048414,142.908310,24.999964,1.127199,0.097722,8.133946,0.000002,0.843956,0.982401,0.444992,0.067948,0.033974
197.585266,7.505538,0.228201,0.028380,71.926773,24.999119,2.719693,0.139899,9.644241,0.000008,1.488871,0.314860,1.735904,0.097322,0.048661
197.585266,7.505538,0.228201,0.028380,71.926773,24.999119,2.719693,0.139899,9.644241,0.000008,1.488871,0.314860,1.735904,0.097322,0.048661
197.585266,7.505538,0.228201,0.028380,71.926773,24.999119,2.719693,0.139899,9.644241,0.000008,1.488871,0.314860,1.735904,0.097322,0.048661
197.585266,7.505538,0.228201,0.028380,71.926773,24.999119,2.719693,0.139899,9.644241,0.000008,1.488871,0.314860,1.735904,0.097322,0.048661
197.585266,7.505538,0.228201,0.028380,71.926773,24.999119,2.719693,0.139899,9.644241,0.000008,1.488871,0.314860,1.735904,0.097322,0.048661
197.585266,7.505538,0.228201,0.028380,71.926773,24.999119,2.719693,0.139899,9.644241,0.000008,1.488871,0.314860,1.735904,0.097322,0.048661
197.585266,7.505538,0.228201,0.028380,71.926773,24.999119,2.719693,0.139899,9.644241,0.000008,1.488871,0.314860,1.735904,0.097322,0.048661
197.585266,7.505538,0.228201,0.028380,71.926773,24.999119,2.719693,0.139899,9.644241,0.000008,1.488871,0.314860,1.735904,0.097322,0.048661
197.585266,7.505538,0.228201,0.028380,71.926773,24.999119,2.719693,0.139899,9.644241,0.000008,1.488871,0.314860,1.735904,0.097322,0.048661
197.585266,7.505538,0.228201,0.028380,71.926773,24.999119,2.719693,0.139899,9.644241,0.000008,1.488871,0.314860,1.735904,0.097322,0.048661
197.585266,7.505538,0.228201,0.028380,71.926773,24.999119,2.719693,0.139899,9.644241,0.000008,1.488871,0.314860,1.735904,0.097322,0.048661
197.585266,7.505538,0.228201,0.028380,71.926773,24.999119,2.719693,0.139899,9.644241,0.000008,1.488871,0.314860,1.735904,0.097322,0.048661
197.585266,7.505538,0.228201,0.028380,71.926773,24.999119,2.719693,0.139899,9.644241,0.000008,1.488871,0.314860,1.735904,0.097322,0.048661
197.585266,7.505538,0.228201,0.028380,71.926773,24.999119,2.719693,0.139899,9.644241,0.000008,1.488871,0.314860,1.735904,0.097322,0.048661
197.585266,7.505538,0.228201,0.028380,71.926773,24.999119,2.719693,0.139899,9.644241,0.000008,1.488871,0.314860,1.735904,0.097322,0.048661
197.585266,7.505538,0.228201,0.028380,71.926773,24.999119,2.719693,0.139899,9.644241,0.000008,1.488871,0.314860,1.735904,0.097322,0.048661
197.585266,7.505538,0.228201,0.028380,71.926773,24.999119,2.719693,0.139899,9.644241,0.000008,1.488871,0.314860,1.735904,0.097322,0.048661
197.585266,7.505538,0.228201,0.028380,71.926773,24.999119,2.719693,0.139899,9.644241,0.000008,1.488871,0.314860,1.735904,0.097322,0.048661
197.585266,7.505538,0.228201,0.028380,71.926773,24.999119,2.719693,0.139899,9.644241,0.000008,1.488871,0.314860,1.735904,0.097322,0.048661
220.836594,17.083206,0.032066,0.027975,15.961854,24.999454,1.402282,0.012405,1.159594,0.000003,0.767217,0.509386,2.800833,0.100223,0.050111
220.836594,17.083206,0.032066,0.027975,15.961854,24.999454,1.402282,0.012405,1.159594,0.000003,0.767217,0.509386,2.800833,0.100223,0.050111
220.836594,17.083206,0.032066,0.027975,15.961854,24.999454,1.402282,0.012405,1.159594,0.000003,0.767217,0.509386,2.800833,0.100223,0.050111
220.836594,17.083206,0.032066,0.027975,15.961854,24.999454,1.402282,0.012405,1.159594,0.000003,0.767217,0.509386,2.800833,0.100223,0.050111
10.440648,1.081342,0.092376,0.031248,136.691101,24.999071,0.764652,0.105615,2.957533,0.000002,0.795572,0.980134,3.420364,0.110634,0.055317
10.440648,1.081342,0.092376,0.031248,136.691101,24.999071,0.764652,0.105615,2.957533,0.000002,0.795572,0.980134,3.420364,0.110634,0.055317
10.440648,1.081342,0.092376,0.031248,136.691101,24.999071,0.764652,0.105615,2.957533,0.000002,0.795572,0.980134,3.420364,0.110634,0.055317
10.440648,1.081342,0.092376,0.031248,136.691101,24.999071,0.764652,0.105615,2.957533,0.000002,0.795572,0.980134,3.420364,0.110634,0.055317
45.653397,7.632539,0.220208,0.049974,32.664238,24.999746,0.414239,0.061076,8.749359,0.000005,2.728627,0.951686,0.596711,0.114028,0.057014
45.653397,7.632539,0.220208,0.049974,32.664238,24.999746,0.414239,0.061076,8.749359,0.000005,2.728627,0.951686,0.596711,0.114028,0.057014
45.653397,7.632539,0.220208,0.049974,32.664238,24.999746,0.414239,0.061076,8.749359,0.000005,2.728627,0.951686,0.596711,0.114028,0.057014
65.626816,1.736926,0.438539,0.031309,106.193474,24.999952,0.559707,0.103478,6.811160,0.000002,2.465614,0.389977,4.683038,0.119576,0.059788
187.631210,15.045135,0.197774,0.025859,106.193474,24.999407,0.559706,0.392260,8.654058,0.000002,2.465615,0.676485,4.683038,0.124519,0.062259
187.631210,15.045135,0.197774,0.025859,106.193474,24.999407,0.559706,0.392260,8.654058,0.000002,2.465615,0.676485,4.683038,0.124519,0.062259
187.631210,15.045135,0.197774,0.025859,106.193474,24.999407,0.559706,0.392260,8.654058,0.000002,2.465615,0.676485,4.683038,0.124519,0.062259
187.631210,15.045135,0.197774,0.025859,106.193474,24.999407,0.559706,0.392260,8.654058,0.000002,2.465615,0.676485,4.683038,0.124519,0.062259
187.631210,15.045135,0.197774,0.025859,106.193474,24.999407,0.559706,0.392260,8.654058,0.000002,2.465615,0.676485,4.683038,0.124519,0.062259
187.631210,15.045135,0.197774,0.025859,106.193474,24.999407,0.559706,0.392260,8.654058,0.000002,2.465615,0.676485,4.683038,0.124519,0.062259
101.898392,10.427579,0.092376,0.031246,136.691101,24.999073,1.185534,0.105615,1.242684,0.000004,0.652522,0.980132,3.420365,0.127581,0.063790
101.898392,10.427579,0.092376,0.031246,136.691101,24.999073,1.185534,0.105615,1.242684,0.000004,0.652522,0.980132,3.420365,0.127581,0.063790
101.898392,10.427579,0.092376,0.031246,136.691101,24.999073,1.185534,0.105615,1.242684,0.000004,0.652522,0.980132,3.420365,0.127581,0.063790
101.898392,10.427579,0.092376,0.031246,136.691101,24.999073,1.185534,0.105615,1.242684,0.000004,0.652522,0.980132,3.420365,0.127581,0.063790
81.188713,2.640715,0.220104,0.032808,140.523483,24.999840,1.724092,0.062059,8.057662,0.000002,1.473774,0.983552,1.133394,0.188132,0.094066
12.755214,2.090288,0.305417,0.047614,72.038452,24.999382,0.073538,0.172006,8.127687,0.000003,1.053625,0.892835,1.546640,0.190019,0.095010
12.755214,2.090288,0.305417,0.047614,72.038452,24.999382,0.073538,0.172006,8.127687,0.000003,1.053625,0.892835,1.546640,0.190019,0.095010
12.755214,2.090288,0.305417,0.047614,72.038452,24.999382,0.073538,0.172006,8.127687,0.000003,1.053625,0.892835,1.546640,0.190019,0.095010
12.755214,2.090288,0.305417,0.047614,72.038452,24.999382,0.073538,0.172006,8.127687,0.000003,1.053625,0.892835,1.546640,0.190019,0.095010
12.755214,2.090288,0.305417,0.047614,72.038452,24.999382,0.073538,0.172006,8.127687,0.000003,1.053625,0.892835,1.546640,0.190019,0.095010
12.755214,2.090288,0.305417,0.047614,72.038452,24.999382,0.073538,0.172006,8.127687,0.000003,1.053625,0.892835,1.546640,0.190019,0.095010
12.755214,2.090288,0.305417,0.047614,72.038452,24.999382,0.073538,0.172006,8.127687,0.000003,1.053625,0.892835,1.546640,0.190019,0.095010
12.755214,2.090288,0.305417,0.047614,72.038452,24.999382,0.073538,0.172006,8.127687,0.000003,1.053625,0.892835,1.546640,0.190019,0.095010
12.755214,2.090288,0.305417,0.047614,72.038452,24.999382,0.073538,0.172006,8.127687,0.000003,1.053625,0.892835,1.546640,0.190019,0.095010
12.755214,2.090288,0.305417,0.047614,72.038452,24.999382,0.073538,0.172006,8.127687,0.000003,1.053625,0.892835,1.546640,0.190019,0.095010
12.755214,2.090288,0.305417,0.047614,72.038452,24.999382,0.073538,0.172006,8.127687,0.000003,1.053625,0.892835,1.546640,0.190019,0.095010
12.755214,2.090288,0.305417,0.047614,72.038452,24.999382,0.073538,0.172006,8.127687,0.000003,1.053625,0.892835,1.546640,0.190019,0.095010
207.525085,16.984091,0.025285,0.023982,95.387924,24.999483,1.085391,0.086897,1.859703,0.000003,0.518441,0.138223,3.623814,0.206097,0.103049
207.525085,16.984091,0.025285,0.023982,95.387924,24.999483,1.085391,0.086897,1.859703,0.000003,0.518441,0.138223,3.623814,0.206097,0.103049
207.525085,16.984091,0.025285,0.023982,95.387924,24.999483,1.085391,0.086897,1.859703,0.000003,0.518441,0.138223,3.623814,0.206097,0.103049
207.525085,16.984091,0.025285,0.023982,95.387924,24.999483,1.085391,0.086897,1.859703,0.000003,0.518441,0.138223,3.623814,0.206097,0.103049
157.735016,6.420060,0.374542,0.027149,4.775416,24.999960,2.933335,0.027978,9.373389,0.000006,0.351843,0.156540,0.852912,0.225029,0.112514
157.735016,6.420060,0.374542,0.027149,4.775416,24.999960,2.933335,0.027978,9.373389,0.000006,0.351843,0.156540,0.852912,0.225029,0.112514
157.735016,6.420060,0.374542,0.027149,4.775416,24.999960,2.933335,0.027978,9.373389,0.000006,0.351843,0.156540,0.852912,0.225029,0.112514
157.735016,6.420060,0.374542,0.027149,4.775416,24.999960,2.933335,0.027978,9.373389,0.000006,0.351843,0.156540,0.852912,0.225029,0.112514
157.735016,6.420060,0.374542,0.027149,4.775416,24.999960,2.933335,0.027978,9.373389,0.000006,0.351843,0.156540,0.852912,0.225029,0.112514
157.735016,6.420060,0.374542,0.027149,4.775416,24.999960,2.933335,0.027978,9.373389,0.000006,0.351843,0.156540,0.852912,0.225029,0.112514
157.735016,6.420060,0.374542,0.027149,4.775416,24.999960,2.933335,0.027978,9.373389,0.000006,0.351843,0.156540,0.852912,0.225029,0.112514
157.735016,6.420060,0.374542,0.027149,4.775416,24.999960,2.933335,0.027978,9.373389,0.000006,0.351843,0.156540,0.852912,0.225029,0.112514
157.735016,6.420060,0.374542,0.027149,4.775416,24.999960,2.933335,0.027978,9.373389,0.000006,0.351843,0.156540,0.852912,0.225029,0.112514
157.735016,6.420060,0.374542,0.027149,4.775416,24.999960,2.933335,0.027978,9.373389,0.000006,0.351843,0.156540,0.852912,0.225029,0.112514
157.735016,6.420060,0.374542,0.027149,4.775416,24.999960,2.933335,0.027978,9.373389,0.000006,0.351843,0.156540,0.852912,0.225029,0.112514
157.735016,6.420060,0.374542,0.027149,4.775416,24.999960,2.933335,0.027978,9.373389,0.000006,0.351843,0.156540,0.852912,0.225029,0.112514
157.735016,6.420060,0.374542,0.027149,4.775416,24.999960,2.933335,0.027978,9.373389,0.000006,0.351843,0.156540,0.852912,0.225029,0.112514
157.735016,6.420060,0.374542,0.027149,4.775416,24.999960,2.933335,0.027978,9.373389,0.000006,0.351843,0.156540,0.852912,0.225029,0.112514
157.735016,6.420060,0.374542,0.027149,4.775416,24.999960,2.933335,0.027978,9.373389,0.000006,0.351843,0.156540,0.852912,0.225029,0.112514
157.735016,6.420060,0.374542,0.027149,4.775416,24.999960,2.933335,0.027978,9.373389,0.000006,0.351843,0.156540,0.852912,0.225029,0.112514
157.735016,6.420060,0.374542,0.027149,4.775416,24.999960,2.933335,0.027978,9.373389,0.000006,0.351843,0.156540,0.852912,0.225029,0.112514
157.735016,6.420060,0.374542,0.027149,4.775416,24.999960,2.933335,0.027978,9.373389,0.000006,0.351843,0.156540,0.852912,0.225029,0.112514
157.735016,6.420060,0.374542,0.027149,4.775416,24.999960,2.933335,0.027978,9.373389,0.000006,0.351843,0.156540,0.852912,0.225029,0.112514
157.735016,6.420060,0.374542,0.027149,4.775416,24.999960,2.933335,0.027978,9.373389,0.000006,0.351843,0.156540,0.852912,0.225029,0.112514
157.735016,6.420060,0.374542,0.027149,4.775416,24.999960,2.933335,0.027978,9.373389,0.000006,0.351843,0.156540,0.852912,0.225029,0.112514
157.735016,6.420060,0.374542,0.027149,4.775416,24.999960,2.933335,0.027978,9.373389,0.000006,0.351843,0.156540,0.852912,0.225029,0.112514
245.835083,16.995256,0.461890,0.019878,8.264832,24.999094,1.133036,0.202806,2.320363,0.000000,1.299339,0.856068,1.713811,0.277078,0.138539
232.473083,18.192297,0.020000,0.009786,68.356255,24.999777,2.334613,0.086587,3.235103,0.000003,0.024258,0.238000,3.917068,0.319190,0.159595
232.473083,18.192297,0.020000,0.009786,68.356255,24.999777,2.334613,0.086587,3.235103,0.000003,0.024258,0.238000,3.917068,0.319190,0.159595
232.473083,18.192297,0.020000,0.009786,68.356255,24.999777,2.334613,0.086587,3.235103,0.000003,0.024258,0.238000,3.917068,0.319190,0.159595
232.473083,18.192297,0.020000,0.009786,68.356255,24.999777,2.334613,0.086587,3.235103,0.000003,0.024258,0.238000,3.917068,0.319190,0.159595
232.473083,18.192297,0.020000,0.009786,68.356255,24.999777,2.334613,0.086587,3.235103,0.000003,0.024258,0.238000,3.917068,0.319190,0.159595
232.473083,18.192297,0.020000,0.009786,68.356255,24.999777,2.334613,0.086587,3.235103,0.000003,0.024258,0.238000,3.917068,0.319190,0.159595
232.473083,18.192297,0.020000,0.009786,68.356255,24.999777,2.334613,0.086587,3.235103,0.000003,0.024258,0.238000,3.917068,0.319190,0.159595
7.428540,3.207088,0.444857,0.036959,103.947960,24.999743,1.642967,0.089232,7.931635,0.000002,2.461883,0.895517,3.139018,0.338106,0.169053
7.428540,3.207088,0.444857,0.036959,103.947960,24.999743,1.642967,0.089232,7.931635,0.000002,2.461883,0.895517,3.139018,0.338106,0.169053
232.169708,19.464685,0.034208,0.010827,61.184967,24.999132,1.483465,0.721840,1.623331,0.000003,2.823699,0.921589,4.711738,0.360741,0.180371
243.440659,19.890579,0.161636,0.018854,57.777897,24.999039,1.851244,0.071597,2.422600,0.000004,0.556119,0.439291,3.128554,0.384331,0.192165
243.440659,19.890579,0.161636,0.018854,57.777897,24.999039,1.851244,0.071597,2.422600,0.000004,0.556119,0.439291,3.128554,0.384331,0.192165
249.819733,1.994610,0.380789,0.007930,76.059135,24.999958,1.837939,0.056136,8.555666,0.000002,0.120102,0.100373,3.395219,0.421722,0.210861
243.397141,19.363438,0.125159,0.013642,98.942230,24.999022,1.473144,0.070101,3.091793,0.000000,0.547672,0.535839,3.681355,0.511955,0.255977
137.738113,3.207087,0.464878,0.016896,103.947960,24.999743,1.642966,0.089232,7.931635,0.000000,2.276683,0.895518,3.139018,0.538451,0.269226
87.948044,7.556944,0.185866,0.020063,13.335449,24.999781,2.509092,0.030312,4.554679,0.000003,2.110084,0.913835,0.368116,0.547059,0.273530
166.953766,15.396228,0.428390,0.008583,16.346233,24.999056,1.109811,0.054530,5.703887,0.000001,1.926634,0.920373,1.314942,0.547193,0.273597
166.953766,15.396228,0.428390,0.008583,16.346233,24.999056,1.109811,0.054530,5.703887,0.000001,1.926634,0.920373,1.314942,0.547193,0.273597
122.792343,12.671467,0.310984,0.014436,45.499317,24.999182,1.447536,0.058954,7.279563,0.000002,1.932558,0.929048,1.631935,0.641559,0.320779
122.792343,12.671467,0.310984,0.014436,45.499317,24.999182,1.447536,0.058954,7.279563,0.000002,1.932558,0.929048,1.631935,0.641559,0.320779
221.401703,12.671467,0.319568,0.014436,45.499317,24.999182,1.447535,0.058956,7.279562,0.000008,1.630033,0.929046,1.631936,0.663018,0.331509
221.401703,12.671466,0.319569,0.014436,70.649330,24.999182,1.447535,0.058956,8.450069,0.000007,1.630033,0.929046,1.631936,0.665422,0.332711
221.401703,12.671466,0.319569,0.014436,70.649330,24.999182,1.447535,0.058956,8.450069,0.000007,1.630033,0.929046,1.631936,0.665422,0.332711
221.401703,12.671466,0.319569,0.014436,70.649330,24.999182,1.447535,0.058956,8.450069,0.000007,1.630033,0.929046,1.631936,0.665422,0.332711
221.401703,12.671466,0.319569,0.014436,70.649330,24.999182,1.447535,0.058956,8.450069,0.000007,1.630033,0.929046,1.631936,0.665422,0.332711
221.401703,12.671466,0.319569,0.014436,70.649330,24.999182,1.447535,0.058956,8.450069,0.000007,1.630033,0.929046,1.631936,0.665422,0.332711
221.401703,12.671466,0.319569,0.014436,70.649330,24.999182,1.447535,0.058956,8.450069,0.000007,1.630033,0.929046,1.631936,0.665422,0.332711
221.401703,12.671466,0.319569,0.014436,70.649330,24.999182,1.447535,0.058956,8.450069,0.000007,1.630033,0.929046,1.631936,0.665422,0.332711
221.401703,12.671466,0.319569,0.014436,70.649330,24.999182,1.447535,0.058956,8.450069,0.000007,1.630033,0.929046,1.631936,0.665422,0.332711
221.401703,12.671466,0.319569,0.014436,70.649330,24.999182,1.447535,0.058956,8.450069,0.000007,1.630033,0.929046,1.631936,0.665422,0.332711
221.401703,12.671466,0.319569,0.014436,70.649330,24.999182,1.447535,0.058956,8.450069,0.000007,1.630033,0.929046,1.631936,0.665422,0.332711
221.401703,12.671466,0.319569,0.014436,70.649330,24.999182,1.447535,0.058956,8.450069,0.000007,1.630033,0.929046,1.631936,0.665422,0.332711
221.401703,12.671466,0.319569,0.014436,70.649330,24.999182,1.447535,0.058956,8.450069,0.000007,1.630033,0.929046,1.631936,0.665422,0.332711
221.401703,12.671466,0.319569,0.014436,70.649330,24.999182,1.447535,0.058956,8.450069,0.000007,1.630033,0.929046,1.631936,0.665422,0.332711
221.401703,12.671466,0.319569,0.014436,70.649330,24.999182,1.447535,0.058956,8.450069,0.000007,1.630033,0.929046,1.631936,0.665422,0.332711
221.401703,12.671466,0.319569,0.014436,70.649330,24.999182,1.447535,0.058956,8.450069,0.000007,1.630033,0.929046,1.631936,0.665422,0.332711
221.401703,12.671466,0.319569,0.014436,70.649330,24.999182,1.447535,0.058956,8.450069,0.000007,1.630033,0.929046,1.631936,0.665422,0.332711
221.401703,12.671466,0.319569,0.014436,70.649330,24.999182,1.447535,0.058956,8.450069,0.000007,1.630033,0.929046,1.631936,0.665422,0.332711
221.401703,12.671466,0.319569,0.014436,70.649330,24.999182,1.447535,0.058956,8.450069,0.000007,1.630033,0.929046,1.631936,0.665422,0.332711
221.401703,12.671466,0.319569,0.014436,70.649330,24.999182,1.447535,0.058956,8.450069,0.000007,1.630033,0.929046,1.631936,0.665422,0.332711
221.401703,12.671466,0.319569,0.014436,70.649330,24.999182,1.447535,0.058956,8.450069,0.000007,1.630033,0.929046,1.631936,0.665422,0.332711
221.401703,12.671466,0.319569,0.014436,70.649330,24.999182,1.447535,0.058956,8.450069,0.000007,1.630033,0.929046,1.631936,0.665422,0.332711
221.401703,12.671466,0.319569,0.014436,70.649330,24.999182,1.447535,0.058956,8.450069,0.000007,1.630033,0.929046,1.631936,0.665422,0.332711
221.401703,12.671466,0.319569,0.014436,70.649330,24.999182,1.447535,0.058956,8.450069,0.000007,1.630033,0.929046,1.631936,0.665422,0.332711
221.401703,12.671466,0.319569,0.014436,70.649330,24.999182,1.447535,0.058956,8.450069,0.000007,1.630033,0.929046,1.631936,0.665422,0.332711
221.401703,12.671466,0.319569,0.014436,70.649330,24.999182,1.447535,0.058956,8.450069,0.000007,1.630033,0.929046,1.631936,0.665422,0.332711
221.401703,12.671466,0.319569,0.014436,70.649330,24.999182,1.447535,0.058956,8.450069,0.000007,1.630033,0.929046,1.631936,0.665422,0.332711
221.401703,12.671466,0.319569,0.014436,70.649330,24.999182,1.447535,0.058956,8.450069,0.000007,1.630033,0.929046,1.631936,0.665422,0.332711
221.401703,12.671466,0.319569,0.014436,70.649330,24.999182,1.447535,0.058956,8.450069,0.000007,1.630033,0.929046,1.631936,0.665422,0.332711
[WaterBalance]
wm=221.401703
b=12.671466
im=0.319569
ke=0.014436
fc=70.649330
iwu=24.999182
[Routing]
under=1.447535
leaki=0.058956
th=8.450069
isu=0.000007
alpha=1.630033
beta=0.929046
alpha0=1.631936
